{'food_name': '甘薯(红心)[山芋，红薯]',
 'kind': '薯类淀粉',
 'nutrition': {'核黄素(毫克)': '0.04',
               '烟酸(毫克)': '0.6',
               '热量(千卡)': '99',
               '硒(微克)': '0.48',
               '硫胺素(毫克)': '0.04',
               '碳水化合物(克)': '23.1',
               '磷(毫克)': '39',
               '维生素A(微克)': '125',
               '维生素C(毫克)': '26',
               '维生素E(毫克)': '0.28',
               '胆固醇(毫克)': '0',
               '胡罗卜素(微克)': '0.6',
               '脂肪(克)': '0.2',
               '膳食纤维(克)': '1.6',
               '蛋白质(克)': '1.1',
               '视黄醇当量(微克)': '73.4',
               '钙(毫克)': '23',
               '钠(毫克)': '28.5',
               '钾(毫克)': '130',
               '铁(毫克)': '0.5',
               '铜(毫克)': '0.18',
               '锌(毫克)': '0.15',
               '锰(毫克)': '0.11',
               '镁(毫克)': '12'}}
{'food_name': '甘薯(白心)[红皮山芋]',
 'kind': '薯类淀粉',
 'nutrition': {'核黄素(毫克)': '0.04',
               '烟酸(毫克)': '0.6',
               '热量(千卡)': '104',
               '硒(微克)': '0.63',
               '硫胺素(毫克)': '0.07',
               '碳水化合物(克)': '24.2',
               '磷(毫克)': '46',
               '维生素A(微克)': '37',
               '维生素C(毫克)': '24',
               '维生素E(毫克)': '0.43',
               '胆固醇(毫克)': '0',
               '胡罗卜素(微克)': '0.6',
               '脂肪(克)': '0.2',
               '膳食纤维(克)': '1',
               '蛋白质(克)': '1.4',
               '视黄醇当量(微克)': '72.6',
               '钙(毫克)': '24',
               '钠(毫克)': '58.2',
               '钾(毫克)': '174',
               '铁(毫克)': '0.8',
               '铜(毫克)': '0.16',
               '锌(毫克)': '0.22',
               '锰(毫克)': '0.21',
               '镁(毫克)': '17'}}
{'food_name': '马铃薯丁(脱水)',
 'kind': '薯类淀粉',
 'nutrition': {'核黄素(毫克)': '0',
               '烟酸(毫克)': '0',
               '热量(千卡)': '337',
               '硒(微克)': '2.17',
               '硫胺素(毫克)': '0.14',
               '碳水化合物(克)': '77.4',
               '磷(毫克)': '87',
               '维生素A(微克)': '0',
               '维生素C(毫克)': '20',
               '维生素E(毫克)': '0',
               '胆固醇(毫克)': '0',
               '胡罗卜素(微克)': '1.7',
               '脂肪(克)': '0.5',
               '膳食纤维(克)': '3.3',
               '蛋白质(克)': '5.7',
               '视黄醇当量(微克)': '11.4',
               '钙(毫克)': '39',
               '钠(毫克)': '22.6',
               '钾(毫克)': '267',
               '铁(毫克)': '2.4',
               '铜(毫克)': '1.31',
               '锌(毫克)': '0.41',
               '锰(毫克)': '0.36',
               '镁(毫克)': '51'}}
{'food_name': '甘薯粉[地瓜粉]',
 'kind': '薯类淀粉',
 'nutrition': {'核黄素(毫克)': '0.05',
               '烟酸(毫克)': '0.2',
               '热量(千卡)': '336',
               '硒(微克)': '2.62',
               '硫胺素(毫克)': '0.03',
               '碳水化合物(克)': '80.8',
               '磷(毫克)': '12',
               '维生素A(微克)': '3',
               '维生素C(毫克)': '0',
               '维生素E(毫克)': '0',
               '胆固醇(毫克)': '0',
               '胡罗卜素(微克)': '1.7',
               '脂肪(克)': '0.2',
               '膳食纤维(克)': '0.1',
               '蛋白质(克)': '2.7',
               '视黄醇当量(微克)': '14.5',
               '钙(毫克)': '33',
               '钠(毫克)': '26.4',
               '钾(毫克)': '66',
               '铁(毫克)': '10',
               '铜(毫克)': '0.05',
               '锌(毫克)': '0.29',
               '锰(毫克)': '0.33',
               '镁(毫克)': '102'}}
{'food_name': '甘薯片[白薯干]',
 'kind': '薯类淀粉',
 'nutrition': {'核黄素(毫克)': '0.11',
               '烟酸(毫克)': '1.1',
               '热量(千卡)': '340',
               '硒(微克)': '2.64',
               '硫胺素(毫克)': '0.15',
               '碳水化合物(克)': '78.5',
               '磷(毫克)': '115',
               '维生素A(微克)': '25',
               '维生素C(毫克)': '9',
               '维生素E(毫克)': '0.38',
               '胆固醇(毫克)': '0',
               '胡罗卜素(微克)': '1.9',
               '脂肪(克)': '0.8',
               '膳食纤维(克)': '2',
               '蛋白质(克)': '4.7',
               '视黄醇当量(微克)': '12.1',
               '钙(毫克)': '112',
               '钠(毫克)': '26.4',
               '钾(毫克)': '353',
               '铁(毫克)': '3.7',
               '铜(毫克)': '0.5',
               '锌(毫克)': '0.35',
               '锰(毫克)': '1.14',
               '镁(毫克)': '102'}}
{'food_name': '马铃薯粉',
 'kind': '薯类淀粉',
 'nutrition': {'核黄素(毫克)': '0.06',
               '烟酸(毫克)': '5.1',
               '热量(千卡)': '337',
               '硒(微克)': '1.58',
               '硫胺素(毫克)': '0.08',
               '碳水化合物(克)': '76',
               '磷(毫克)': '123',
               '维生素A(微克)': '20',
               '维生素C(毫克)': '0',
               '维生素E(毫克)': '0.28',
               '胆固醇(毫克)': '0',
               '胡罗卜素(微克)': '2.9',
               '脂肪(克)': '0.5',
               '膳食纤维(克)': '1.4',
               '蛋白质(克)': '7.2',
               '视黄醇当量(微克)': '12',
               '钙(毫克)': '171',
               '钠(毫克)': '4.7',
               '钾(毫克)': '1075',
               '铁(毫克)': '10.7',
               '铜(毫克)': '1.06',
               '锌(毫克)': '1.22',
               '锰(毫克)': '0.37',
               '镁(毫克)': '27'}}
{'food_name': '蚕豆淀粉',
 'kind': '薯类淀粉',
 'nutrition': {'核黄素(毫克)': '0',
               '烟酸(毫克)': '0',
               '热量(千卡)': '341',
               '硒(微克)': '0.54',
               '硫胺素(毫克)': '0.04',
               '碳水化合物(克)': '84.8',
               '磷(毫克)': '29',
               '维生素A(微克)': '0',
               '维生素C(毫克)': '0',
               '维生素E(毫克)': '0',
               '胆固醇(毫克)': '0',
               '胡罗卜素(微克)': '0.1',
               '脂肪(克)': '0',
               '膳食纤维(克)': '0.5',
               '蛋白质(克)': '0.5',
               '视黄醇当量(微克)': '14.1',
               '钙(毫克)': '36',
               '钠(毫克)': '18.2',
               '钾(毫克)': '10',
               '铁(毫克)': '2.3',
               '铜(毫克)': '0.04',
               '锌(毫克)': '0.05',
               '锰(毫克)': '0.07',
               '镁(毫克)': '8'}}
{'food_name': '马铃薯[土豆，洋芋]',
 'kind': '薯类淀粉',
 'nutrition': {'核黄素(毫克)': '0.04',
               '烟酸(毫克)': '1.1',
               '热量(千卡)': '76',
               '硒(微克)': '0.78',
               '硫胺素(毫克)': '0.08',
               '碳水化合物(克)': '16.5',
               '磷(毫克)': '40',
               '维生素A(微克)': '5',
               '维生素C(毫克)': '27',
               '维生素E(毫克)': '0.34',
               '胆固醇(毫克)': '0',
               '胡罗卜素(微克)': '0.8',
               '脂肪(克)': '0.2',
               '膳食纤维(克)': '0.7',
               '蛋白质(克)': '2',
               '视黄醇当量(微克)': '79.8',
               '钙(毫克)': '8',
               '钠(毫克)': '2.7',
               '钾(毫克)': '342',
               '铁(毫克)': '0.8',
               '铜(毫克)': '0.12',
               '锌(毫克)': '0.37',
               '锰(毫克)': '0.14',
               '镁(毫克)': '23'}}
{'food_name': '木薯',
 'kind': '薯类淀粉',
 'nutrition': {'核黄素(毫克)': '0.09',
               '烟酸(毫克)': '1.2',
               '热量(千卡)': '116',
               '硒(微克)': '0',
               '硫胺素(毫克)': '0.21',
               '碳水化合物(克)': '26.2',
               '磷(毫克)': '50',
               '维生素A(微克)': '0',
               '维生素C(毫克)': '35',
               '维生素E(毫克)': '0',
               '胆固醇(毫克)': '0',
               '胡罗卜素(微克)': '0.8',
               '脂肪(克)': '0.3',
               '膳食纤维(克)': '1.6',
               '蛋白质(克)': '2.1',
               '视黄醇当量(微克)': '69',
               '钙(毫克)': '88',
               '钠(毫克)': '8',
               '钾(毫克)': '764',
               '铁(毫克)': '2.5',
               '铜(毫克)': '0',
               '锌(毫克)': '0',
               '锰(毫克)': '0',
               '镁(毫克)': '66'}}
{'food_name': '豌豆淀粉',
 'kind': '薯类淀粉',
 'nutrition': {'核黄素(毫克)': '0',
               '烟酸(毫克)': '0.1',
               '热量(千卡)': '341',
               '硒(微克)': '0',
               '硫胺素(毫克)': '0.01',
               '碳水化合物(克)': '84.7',
               '磷(毫克)': '10',
               '维生素A(微克)': '0',
               '维生素C(毫克)': '0',
               '维生素E(毫克)': '0',
               '胆固醇(毫克)': '0',
               '胡罗卜素(微克)': '0.8',
               '脂肪(克)': '0',
               '膳食纤维(克)': '0.3',
               '蛋白质(克)': '0.6',
               '视黄醇当量(微克)': '13.6',
               '钙(毫克)': '4',
               '钠(毫克)': '3.4',
               '钾(毫克)': '93',
               '铁(毫克)': '1.7',
               '铜(毫克)': '0.03',
               '锌(毫克)': '0.22',
               '锰(毫克)': '0.29',
               '镁(毫克)': '4'}}
{'food_name': '魔芋精粉[鬼芋粉，南星粉]',
 'kind': '薯类淀粉',
 'nutrition': {'核黄素(毫克)': '0.1',
               '烟酸(毫克)': '0.4',
               '热量(千卡)': '37',
               '硒(微克)': '350.15',
               '硫胺素(毫克)': '0',
               '碳水化合物(克)': '4.4',
               '磷(毫克)': '272',
               '维生素A(微克)': '0',
               '维生素C(毫克)': '0',
               '维生素E(毫克)': '0',
               '胆固醇(毫克)': '0',
               '胡罗卜素(微克)': '4.3',
               '脂肪(克)': '0.1',
               '膳食纤维(克)': '74.4',
               '蛋白质(克)': '4.6',
               '视黄醇当量(微克)': '12.2',
               '钙(毫克)': '45',
               '钠(毫克)': '49.9',
               '钾(毫克)': '299',
               '铁(毫克)': '1.6',
               '铜(毫克)': '0.17',
               '锌(毫克)': '2.05',
               '锰(毫克)': '0.88',
               '镁(毫克)': '66'}}
{'food_name': '桂花藕粉',
 'kind': '薯类淀粉',
 'nutrition': {'核黄素(毫克)': '0.01',
               '烟酸(毫克)': '0.2',
               '热量(千卡)': '344',
               '硒(微克)': '0.39',
               '硫胺素(毫克)': '0',
               '碳水化合物(克)': '85.3',
               '磷(毫克)': '13',
               '维生素A(微克)': '0',
               '维生素C(毫克)': '0',
               '维生素E(毫克)': '0',
               '胆固醇(毫克)': '0',
               '胡罗卜素(微克)': '0.6',
               '脂肪(克)': '0.1',
               '膳食纤维(克)': '0',
               '蛋白质(克)': '0.4',
               '视黄醇当量(微克)': '13.6',
               '钙(毫克)': '36',
               '钠(毫克)': '6.5',
               '钾(毫克)': '14',
               '铁(毫克)': '20.8',
               '铜(毫克)': '0.05',
               '锌(毫克)': '0.23',
               '锰(毫克)': '0.34',
               '镁(毫克)': '5'}}
{'food_name': '藕粉',
 'kind': '薯类淀粉',
 'nutrition': {'核黄素(毫克)': '0.01',
               '烟酸(毫克)': '0.4',
               '热量(千卡)': '372',
               '硒(微克)': '2.1',
               '硫胺素(毫克)': '0',
               '碳水化合物(克)': '92.9',
               '磷(毫克)': '9',
               '维生素A(微克)': '0',
               '维生素C(毫克)': '0',
               '维生素E(毫克)': '0',
               '胆固醇(毫克)': '0',
               '胡罗卜素(微克)': '0.4',
               '脂肪(克)': '0',
               '膳食纤维(克)': '0.1',
               '蛋白质(克)': '0.2',
               '视黄醇当量(微克)': '6.4',
               '钙(毫克)': '8',
               '钠(毫克)': '10.8',
               '钾(毫克)': '35',
               '铁(毫克)': '17.9',
               '铜(毫克)': '0.22',
               '锌(毫克)': '0.15',
               '锰(毫克)': '0.28',
               '镁(毫克)': '2'}}
{'food_name': '团粉[芡粉]',
 'kind': '薯类淀粉',
 'nutrition': {'核黄素(毫克)': '0',
               '烟酸(毫克)': '0.2',
               '热量(千卡)': '346',
               '硒(微克)': '0.37',
               '硫胺素(毫克)': '0.01',
               '碳水化合物(克)': '85',
               '磷(毫克)': '25',
               '维生素A(微克)': '0',
               '维生素C(毫克)': '0',
               '维生素E(毫克)': '0',
               '胆固醇(毫克)': '0',
               '胡罗卜素(微克)': '0.1',
               '脂肪(克)': '0',
               '膳食纤维(克)': '0.8',
               '蛋白质(克)': '1.5',
               '视黄醇当量(微克)': '12.6',
               '钙(毫克)': '34',
               '钠(毫克)': '13.3',
               '钾(毫克)': '16',
               '铁(毫克)': '3.6',
               '铜(毫克)': '0.06',
               '锌(毫克)': '0.18',
               '锰(毫克)': '0.08',
               '镁(毫克)': '14'}}
{'food_name': '玉米淀粉',
 'kind': '薯类淀粉',
 'nutrition': {'核黄素(毫克)': '0.04',
               '烟酸(毫克)': '1.1',
               '热量(千卡)': '345',
               '硒(微克)': '0.7',
               '硫胺素(毫克)': '0.03',
               '碳水化合物(克)': '84.9',
               '磷(毫克)': '25',
               '维生素A(微克)': '0',
               '维生素C(毫克)': '0',
               '维生素E(毫克)': '0',
               '胆固醇(毫克)': '0',
               '胡罗卜素(微克)': '0.2',
               '脂肪(克)': '0.1',
               '膳食纤维(克)': '0.1',
               '蛋白质(克)': '1.2',
               '视黄醇当量(微克)': '13.5',
               '钙(毫克)': '18',
               '钠(毫克)': '6.3',
               '钾(毫克)': '8',
               '铁(毫克)': '4',
               '铜(毫克)': '0.07',
               '锌(毫克)': '0.09',
               '锰(毫克)': '0.05',
               '镁(毫克)': '6'}}
{'food_name': '五谷香',
 'kind': '谷类',
 'nutrition': {'核黄素(毫克)': '0.19',
               '烟酸(毫克)': '0',
               '热量(千卡)': '377',
               '硒(微克)': '1.15',
               '硫胺素(毫克)': '0.11',
               '碳水化合物(克)': '78.4',
               '磷(毫克)': '13',
               '维生素A(微克)': '0',
               '维生素C(毫克)': '0',
               '维生素E(毫克)': '2.31',
               '胆固醇(毫克)': '0',
               '胡罗卜素(微克)': '3',
               '脂肪(克)': '2.6',
               '膳食纤维(克)': '0.5',
               '蛋白质(克)': '9.9',
               '视黄醇当量(微克)': '5.6',
               '钙(毫克)': '2',
               '钠(毫克)': '1',
               '钾(毫克)': '7',
               '铁(毫克)': '0.5',
               '铜(毫克)': '0.08',
               '锌(毫克)': '0.23',
               '锰(毫克)': '0.05',
               '镁(毫克)': '0'}}
{'food_name': '油饼',
 'kind': '谷类',
 'nutrition': {'核黄素(毫克)': '0.05',
               '烟酸(毫克)': '0',
               '热量(千卡)': '399',
               '硒(微克)': '10.6',
               '硫胺素(毫克)': '0.11',
               '碳水化合物(克)': '40.4',
               '磷(毫克)': '124',
               '维生素A(微克)': '0',
               '维生素C(毫克)': '0',
               '维生素E(毫克)': '13.72',
               '胆固醇(毫克)': '0',
               '胡罗卜素(微克)': '2',
               '脂肪(克)': '22.9',
               '膳食纤维(克)': '2',
               '蛋白质(克)': '7.9',
               '视黄醇当量(微克)': '24.8',
               '钙(毫克)': '46',
               '钠(毫克)': '572.5',
               '钾(毫克)': '106',
               '铁(毫克)': '2.3',
               '铜(毫克)': '0.27',
               '锌(毫克)': '0.97',
               '锰(毫克)': '0.71',
               '镁(毫克)': '13'}}
{'food_name': '烧饼(加糖)',
 'kind': '谷类',
 'nutrition': {'核黄素(毫克)': '0.01',
               '烟酸(毫克)': '1.1',
               '热量(千卡)': '293',
               '硒(微克)': '12.16',
               '硫胺素(毫克)': '0',
               '碳水化合物(克)': '60.6',
               '磷(毫克)': '105',
               '维生素A(微克)': '0',
               '维生素C(毫克)': '0',
               '维生素E(毫克)': '0.39',
               '胆固醇(毫克)': '0',
               '胡罗卜素(微克)': '1.3',
               '脂肪(克)': '2.1',
               '膳食纤维(克)': '2.1',
               '蛋白质(克)': '8',
               '视黄醇当量(微克)': '25.9',
               '钙(毫克)': '51',
               '钠(毫克)': '62.5',
               '钾(毫克)': '122',
               '铁(毫克)': '1.6',
               '铜(毫克)': '0.15',
               '锌(毫克)': '0.36',
               '锰(毫克)': '0',
               '镁(毫克)': '26'}}
{'food_name': '小麦胚粉',
 'kind': '谷类',
 'nutrition': {'核黄素(毫克)': '0.79',
               '烟酸(毫克)': '3.7',
               '热量(千卡)': '392',
               '硒(微克)': '65.2',
               '硫胺素(毫克)': '3.5',
               '碳水化合物(克)': '38.9',
               '磷(毫克)': '1168',
               '维生素A(微克)': '0',
               '维生素C(毫克)': '0',
               '维生素E(毫克)': '23.2',
               '胆固醇(毫克)': '0',
               '胡罗卜素(微克)': '4.7',
               '脂肪(克)': '10.1',
               '膳食纤维(克)': '5.6',
               '蛋白质(克)': '36.4',
               '视黄醇当量(微克)': '4.3',
               '钙(毫克)': '85',
               '钠(毫克)': '4.6',
               '钾(毫克)': '1523',
               '铁(毫克)': '0.6',
               '铜(毫克)': '0.83',
               '锌(毫克)': '23.4',
               '锰(毫克)': '17.3',
               '镁(毫克)': '198'}}
{'food_name': '挂面(富强粉)',
 'kind': '谷类',
 'nutrition': {'核黄素(毫克)': '0.04',
               '烟酸(毫克)': '2.4',
               '热量(千卡)': '347',
               '硒(微克)': '11.13',
               '硫胺素(毫克)': '0.2',
               '碳水化合物(克)': '75.7',
               '磷(毫克)': '112',
               '维生素A(微克)': '0',
               '维生素C(毫克)': '0',
               '维生素E(毫克)': '0.88',
               '胆固醇(毫克)': '0',
               '胡罗卜素(微克)': '1.1',
               '脂肪(克)': '0.6',
               '膳食纤维(克)': '0.3',
               '蛋白质(克)': '9.6',
               '视黄醇当量(微克)': '12.7',
               '钙(毫克)': '21',
               '钠(毫克)': '110.6',
               '钾(毫克)': '122',
               '铁(毫克)': '3.2',
               '铜(毫克)': '0.4',
               '锌(毫克)': '0.74',
               '锰(毫克)': '0.68',
               '镁(毫克)': '48'}}
{'food_name': '粳米(标一)',
 'kind': '谷类',
 'nutrition': {'核黄素(毫克)': '0.08',
               '烟酸(毫克)': '1.3',
               '热量(千卡)': '343',
               '硒(微克)': '2.5',
               '硫胺素(毫克)': '0.16',
               '碳水化合物(克)': '76.8',
               '磷(毫克)': '121',
               '维生素A(微克)': '0',
               '维生素C(毫克)': '0',
               '维生素E(毫克)': '1.01',
               '胆固醇(毫克)': '0',
               '胡罗卜素(微克)': '0.6',
               '脂肪(克)': '0.6',
               '膳食纤维(克)': '0.6',
               '蛋白质(克)': '7.7',
               '视黄醇当量(微克)': '13.7',
               '钙(毫克)': '11',
               '钠(毫克)': '2.4',
               '钾(毫克)': '97',
               '铁(毫克)': '1.1',
               '铜(毫克)': '0.19',
               '锌(毫克)': '1.45',
               '锰(毫克)': '1.36',
               '镁(毫克)': '34'}}
{'food_name': '稻米(均值)',
 'kind': '谷类',
 'nutrition': {'核黄素(毫克)': '0.05',
               '烟酸(毫克)': '1.9',
               '热量(千卡)': '346',
               '硒(微克)': '2.23',
               '硫胺素(毫克)': '0.11',
               '碳水化合物(克)': '77.2',
               '磷(毫克)': '110',
               '维生素A(微克)': '0',
               '维生素C(毫克)': '0',
               '维生素E(毫克)': '0.46',
               '胆固醇(毫克)': '0',
               '胡罗卜素(微克)': '0.6',
               '脂肪(克)': '0.8',
               '膳食纤维(克)': '0.7',
               '蛋白质(克)': '7.4',
               '视黄醇当量(微克)': '13.3',
               '钙(毫克)': '13',
               '钠(毫克)': '3.8',
               '钾(毫克)': '103',
               '铁(毫克)': '2.3',
               '铜(毫克)': '0.3',
               '锌(毫克)': '1.7',
               '锰(毫克)': '1.29',
               '镁(毫克)': '34'}}
{'food_name': '粳米(特等)',
 'kind': '谷类',
 'nutrition': {'核黄素(毫克)': '0.04',
               '烟酸(毫克)': '1.1',
               '热量(千卡)': '334',
               '硒(微克)': '2.49',
               '硫胺素(毫克)': '0.08',
               '碳水化合物(克)': '75.3',
               '磷(毫克)': '80',
               '维生素A(微克)': '0',
               '维生素C(毫克)': '0',
               '维生素E(毫克)': '0.76',
               '胆固醇(毫克)': '0',
               '胡罗卜素(微克)': '0.4',
               '脂肪(克)': '0.4',
               '膳食纤维(克)': '0.4',
               '蛋白质(克)': '7.3',
               '视黄醇当量(微克)': '16.2',
               '钙(毫克)': '24',
               '钠(毫克)': '6.2',
               '钾(毫克)': '58',
               '铁(毫克)': '0.9',
               '铜(毫克)': '0.26',
               '锌(毫克)': '1.07',
               '锰(毫克)': '1',
               '镁(毫克)': '25'}}
{'food_name': '粳米(标四)',
 'kind': '谷类',
 'nutrition': {'核黄素(毫克)': '0.05',
               '烟酸(毫克)': '5.2',
               '热量(千卡)': '346',
               '硒(微克)': '4.87',
               '硫胺素(毫克)': '0.14',
               '碳水化合物(克)': '77.4',
               '磷(毫克)': '123',
               '维生素A(微克)': '0',
               '维生素C(毫克)': '0',
               '维生素E(毫克)': '0.39',
               '胆固醇(毫克)': '0',
               '胡罗卜素(微克)': '0.6',
               '脂肪(克)': '0.7',
               '膳食纤维(克)': '0.7',
               '蛋白质(克)': '7.5',
               '视黄醇当量(微克)': '13.1',
               '钙(毫克)': '4',
               '钠(毫克)': '1.6',
               '钾(毫克)': '106',
               '铁(毫克)': '0.7',
               '铜(毫克)': '0.26',
               '锌(毫克)': '0.97',
               '锰(毫克)': '1.07',
               '镁(毫克)': '20'}}
{'food_name': '晚籼(标二)',
 'kind': '谷类',
 'nutrition': {'核黄素(毫克)': '0.06',
               '烟酸(毫克)': '2.6',
               '热量(千卡)': '343',
               '硒(微克)': '2.26',
               '硫胺素(毫克)': '0.18',
               '碳水化合物(克)': '75.3',
               '磷(毫克)': '141',
               '维生素A(微克)': '0',
               '维生素C(毫克)': '0',
               '维生素E(毫克)': '0',
               '胆固醇(毫克)': '0',
               '胡罗卜素(微克)': '0.7',
               '脂肪(克)': '0.8',
               '膳食纤维(克)': '0.4',
               '蛋白质(克)': '8.6',
               '视黄醇当量(微克)': '14.2',
               '钙(毫克)': '6',
               '钠(毫克)': '0.9',
               '钾(毫克)': '146',
               '铁(毫克)': '2.8',
               '铜(毫克)': '0.2',
               '锌(毫克)': '1.89',
               '锰(毫克)': '1.05',
               '镁(毫克)': '60'}}
{'food_name': '黑米',
 'kind': '谷类',
 'nutrition': {'核黄素(毫克)': '0.13',
               '烟酸(毫克)': '7.9',
               '热量(千卡)': '333',
               '硒(微克)': '3.2',
               '硫胺素(毫克)': '0.33',
               '碳水化合物(克)': '68.3',
               '磷(毫克)': '356',
               '维生素A(微克)': '0',
               '维生素C(毫克)': '0',
               '维生素E(毫克)': '0.22',
               '胆固醇(毫克)': '0',
               '胡罗卜素(微克)': '1.6',
               '脂肪(克)': '2.5',
               '膳食纤维(克)': '3.9',
               '蛋白质(克)': '9.4',
               '视黄醇当量(微克)': '14.3',
               '钙(毫克)': '12',
               '钠(毫克)': '7.1',
               '钾(毫克)': '256',
               '铁(毫克)': '1.6',
               '铜(毫克)': '0.15',
               '锌(毫克)': '3.8',
               '锰(毫克)': '1.72',
               '镁(毫克)': '147'}}
{'food_name': '粳米(标三)',
 'kind': '谷类',
 'nutrition': {'核黄素(毫克)': '0.03',
               '烟酸(毫克)': '3.6',
               '热量(千卡)': '345',
               '硒(微克)': '5.4',
               '硫胺素(毫克)': '0.33',
               '碳水化合物(克)': '77.2',
               '磷(毫克)': '108',
               '维生素A(微克)': '0',
               '维生素C(毫克)': '0',
               '维生素E(毫克)': '0.3',
               '胆固醇(毫克)': '0',
               '胡罗卜素(微克)': '0.5',
               '脂肪(克)': '0.8',
               '膳食纤维(克)': '0.4',
               '蛋白质(克)': '7.2',
               '视黄醇当量(微克)': '13.9',
               '钙(毫克)': '5',
               '钠(毫克)': '1.3',
               '钾(毫克)': '78',
               '铁(毫克)': '0.7',
               '铜(毫克)': '0.28',
               '锌(毫克)': '0.93',
               '锰(毫克)': '0.89',
               '镁(毫克)': '0'}}
{'food_name': '粳米(标二)',
 'kind': '谷类',
 'nutrition': {'核黄素(毫克)': '0.05',
               '烟酸(毫克)': '2.6',
               '热量(千卡)': '347',
               '硒(微克)': '6.4',
               '硫胺素(毫克)': '0.22',
               '碳水化合物(克)': '77.3',
               '磷(毫克)': '99',
               '维生素A(微克)': '0',
               '维生素C(毫克)': '0',
               '维生素E(毫克)': '0.53',
               '胆固醇(毫克)': '0',
               '胡罗卜素(微克)': '0.5',
               '脂肪(克)': '0.6',
               '膳食纤维(克)': '0.4',
               '蛋白质(克)': '8',
               '视黄醇当量(微克)': '13.2',
               '钙(毫克)': '3',
               '钠(毫克)': '0.9',
               '钾(毫克)': '78',
               '铁(毫克)': '0.4',
               '铜(毫克)': '0.28',
               '锌(毫克)': '0.89',
               '锰(毫克)': '0.77',
               '镁(毫克)': '20'}}
{'food_name': '晚籼(标一)',
 'kind': '谷类',
 'nutrition': {'核黄素(毫克)': '0.05',
               '烟酸(毫克)': '1.7',
               '热量(千卡)': '345',
               '硒(微克)': '2.83',
               '硫胺素(毫克)': '0.17',
               '碳水化合物(克)': '76.8',
               '磷(毫克)': '140',
               '维生素A(微克)': '0',
               '维生素C(毫克)': '0',
               '维生素E(毫克)': '0.22',
               '胆固醇(毫克)': '0',
               '胡罗卜素(微克)': '0.6',
               '脂肪(克)': '0.7',
               '膳食纤维(克)': '0.5',
               '蛋白质(克)': '7.9',
               '视黄醇当量(微克)': '13.5',
               '钙(毫克)': '9',
               '钠(毫克)': '1.5',
               '钾(毫克)': '112',
               '铁(毫克)': '1.2',
               '铜(毫克)': '0.16',
               '锌(毫克)': '1.52',
               '锰(毫克)': '1.11',
               '镁(毫克)': '53'}}
{'food_name': '早籼',
 'kind': '谷类',
 'nutrition': {'核黄素(毫克)': '0.05',
               '烟酸(毫克)': '5',
               '热量(千卡)': '359',
               '硒(微克)': '1.84',
               '硫胺素(毫克)': '0.14',
               '碳水化合物(克)': '74.8',
               '磷(毫克)': '257',
               '维生素A(微克)': '0',
               '维生素C(毫克)': '0',
               '维生素E(毫克)': '0.25',
               '胆固醇(毫克)': '0',
               '胡罗卜素(微克)': '1.5',
               '脂肪(克)': '2.2',
               '膳食纤维(克)': '1.4',
               '蛋白质(克)': '9.9',
               '视黄醇当量(微克)': '10.2',
               '钙(毫克)': '13',
               '钠(毫克)': '1.6',
               '钾(毫克)': '214',
               '铁(毫克)': '5.1',
               '铜(毫克)': '0.25',
               '锌(毫克)': '2.73',
               '锰(毫克)': '2.73',
               '镁(毫克)': '0'}}
{'food_name': '籼米(优标)',
 'kind': '谷类',
 'nutrition': {'核黄素(毫克)': '0.02',
               '烟酸(毫克)': '2.6',
               '热量(千卡)': '349',
               '硒(微克)': '6.9',
               '硫胺素(毫克)': '0.13',
               '碳水化合物(克)': '76.8',
               '磷(毫克)': '85',
               '维生素A(微克)': '0',
               '维生素C(毫克)': '0',
               '维生素E(毫克)': '0',
               '胆固醇(毫克)': '0',
               '胡罗卜素(微克)': '0.6',
               '脂肪(克)': '1',
               '膳食纤维(克)': '0.5',
               '蛋白质(克)': '8.3',
               '视黄醇当量(微克)': '12.8',
               '钙(毫克)': '8',
               '钠(毫克)': '1.2',
               '钾(毫克)': '64',
               '铁(毫克)': '0.5',
               '铜(毫克)': '0.3',
               '锌(毫克)': '1.6',
               '锰(毫克)': '1.02',
               '镁(毫克)': '13'}}
{'food_name': '籼稻谷(红)',
 'kind': '谷类',
 'nutrition': {'核黄素(毫克)': '0.03',
               '烟酸(毫克)': '5.1',
               '热量(千卡)': '344',
               '硒(微克)': '3.12',
               '硫胺素(毫克)': '0.15',
               '碳水化合物(克)': '74.4',
               '磷(毫克)': '0',
               '维生素A(微克)': '0',
               '维生素C(毫克)': '0',
               '维生素E(毫克)': '0.19',
               '胆固醇(毫克)': '0',
               '胡罗卜素(微克)': '1.2',
               '脂肪(克)': '2',
               '膳食纤维(克)': '2',
               '蛋白质(克)': '7',
               '视黄醇当量(微克)': '13.4',
               '钙(毫克)': '0',
               '钠(毫克)': '22',
               '钾(毫克)': '220',
               '铁(毫克)': '5.5',
               '铜(毫克)': '0.35',
               '锌(毫克)': '3.29',
               '锰(毫克)': '3.2',
               '镁(毫克)': '0'}}
{'food_name': '粳糯米',
 'kind': '谷类',
 'nutrition': {'核黄素(毫克)': '0.05',
               '烟酸(毫克)': '1.7',
               '热量(千卡)': '343',
               '硒(微克)': '3.3',
               '硫胺素(毫克)': '0.2',
               '碳水化合物(克)': '76',
               '磷(毫克)': '94',
               '维生素A(微克)': '0',
               '维生素C(毫克)': '0',
               '维生素E(毫克)': '0.08',
               '胆固醇(毫克)': '0',
               '胡罗卜素(微克)': '0.8',
               '脂肪(克)': '0.8',
               '膳食纤维(克)': '0.7',
               '蛋白质(克)': '7.9',
               '视黄醇当量(微克)': '13.8',
               '钙(毫克)': '21',
               '钠(毫克)': '2.8',
               '钾(毫克)': '125',
               '铁(毫克)': '1.9',
               '铜(毫克)': '0.24',
               '锌(毫克)': '1.77',
               '锰(毫克)': '1.56',
               '镁(毫克)': '42'}}
{'food_name': '紫红糯米[血糯米]',
 'kind': '谷类',
 'nutrition': {'核黄素(毫克)': '0.12',
               '烟酸(毫克)': '4.2',
               '热量(千卡)': '343',
               '硒(微克)': '2.88',
               '硫胺素(毫克)': '0.31',
               '碳水化合物(克)': '73.7',
               '磷(毫克)': '183',
               '维生素A(微克)': '0',
               '维生素C(毫克)': '0',
               '维生素E(毫克)': '1.36',
               '胆固醇(毫克)': '0',
               '胡罗卜素(微克)': '1.1',
               '脂肪(克)': '1.7',
               '膳食纤维(克)': '1.4',
               '蛋白质(克)': '8.3',
               '视黄醇当量(微克)': '13.8',
               '钙(毫克)': '13',
               '钠(毫克)': '4',
               '钾(毫克)': '219',
               '铁(毫克)': '3.9',
               '铜(毫克)': '0.29',
               '锌(毫克)': '2.16',
               '锰(毫克)': '2.37',
               '镁(毫克)': '16'}}
{'food_name': '早糯谷',
 'kind': '谷类',
 'nutrition': {'核黄素(毫克)': '0.04',
               '烟酸(毫克)': '0.7',
               '热量(千卡)': '354',
               '硒(微克)': '1.98',
               '硫胺素(毫克)': '0.19',
               '碳水化合物(克)': '74.2',
               '磷(毫克)': '297',
               '维生素A(微克)': '7',
               '维生素C(毫克)': '0',
               '维生素E(毫克)': '0.13',
               '胆固醇(毫克)': '0',
               '胡罗卜素(微克)': '1.4',
               '脂肪(克)': '3.2',
               '膳食纤维(克)': '2.8',
               '蛋白质(克)': '7.1',
               '视黄醇当量(微克)': '11.3',
               '钙(毫克)': '19',
               '钠(毫克)': '4.1',
               '钾(毫克)': '0',
               '铁(毫克)': '3',
               '铜(毫克)': '0.53',
               '锌(毫克)': '4.92',
               '锰(毫克)': '0',
               '镁(毫克)': '149'}}
{'food_name': '优糯米',
 'kind': '谷类',
 'nutrition': {'核黄素(毫克)': '0.03',
               '烟酸(毫克)': '1.9',
               '热量(千卡)': '344',
               '硒(微克)': '2.8',
               '硫胺素(毫克)': '0.1',
               '碳水化合物(克)': '74.7',
               '磷(毫克)': '48',
               '维生素A(微克)': '0',
               '维生素C(毫克)': '0',
               '维生素E(毫克)': '0.93',
               '胆固醇(毫克)': '0',
               '胡罗卜素(微克)': '0.5',
               '脂肪(克)': '1',
               '膳食纤维(克)': '0.6',
               '蛋白质(克)': '9',
               '视黄醇当量(微克)': '14.2',
               '钙(毫克)': '8',
               '钠(毫克)': '1.2',
               '钾(毫克)': '136',
               '铁(毫克)': '0.8',
               '铜(毫克)': '0.25',
               '锌(毫克)': '1.2',
               '锰(毫克)': '0.86',
               '镁(毫克)': '50'}}
{'food_name': '籼米饭(蒸)',
 'kind': '谷类',
 'nutrition': {'核黄素(毫克)': '0.03',
               '烟酸(毫克)': '1.7',
               '热量(千卡)': '114',
               '硒(微克)': '0',
               '硫胺素(毫克)': '0.02',
               '碳水化合物(克)': '25.6',
               '磷(毫克)': '0',
               '维生素A(微克)': '0',
               '维生素C(毫克)': '0',
               '维生素E(毫克)': '0',
               '胆固醇(毫克)': '0',
               '胡罗卜素(微克)': '0.2',
               '脂肪(克)': '0.2',
               '膳食纤维(克)': '0.4',
               '蛋白质(克)': '2.5',
               '视黄醇当量(微克)': '71.1',
               '钙(毫克)': '6',
               '钠(毫克)': '1.7',
               '钾(毫克)': '21',
               '铁(毫克)': '0.3',
               '铜(毫克)': '0.04',
               '锌(毫克)': '0.47',
               '锰(毫克)': '0.31',
               '镁(毫克)': '10'}}
{'food_name': '玉米(黄，干)',
 'kind': '谷类',
 'nutrition': {'核黄素(毫克)': '0.13',
               '烟酸(毫克)': '2.5',
               '热量(千卡)': '335',
               '硒(微克)': '3.52',
               '硫胺素(毫克)': '0.21',
               '碳水化合物(克)': '66.6',
               '磷(毫克)': '218',
               '维生素A(微克)': '17',
               '维生素C(毫克)': '0',
               '维生素E(毫克)': '3.89',
               '胆固醇(毫克)': '0',
               '胡罗卜素(微克)': '1.3',
               '脂肪(克)': '3.8',
               '膳食纤维(克)': '6.4',
               '蛋白质(克)': '8.7',
               '视黄醇当量(微克)': '13.2',
               '钙(毫克)': '14',
               '钠(毫克)': '3.3',
               '钾(毫克)': '300',
               '铁(毫克)': '2.4',
               '铜(毫克)': '0.25',
               '锌(毫克)': '1.7',
               '锰(毫克)': '0.48',
               '镁(毫克)': '96'}}
{'food_name': '粳米饭(蒸)',
 'kind': '谷类',
 'nutrition': {'核黄素(毫克)': '0.03',
               '烟酸(毫克)': '2',
               '热量(千卡)': '117',
               '硒(微克)': '0.4',
               '硫胺素(毫克)': '0',
               '碳水化合物(克)': '26',
               '磷(毫克)': '62',
               '维生素A(微克)': '0',
               '维生素C(毫克)': '0',
               '维生素E(毫克)': '0',
               '胆固醇(毫克)': '0',
               '胡罗卜素(微克)': '0.3',
               '脂肪(克)': '0.3',
               '膳食纤维(克)': '0.2',
               '蛋白质(克)': '2.6',
               '视黄醇当量(微克)': '70.6',
               '钙(毫克)': '7',
               '钠(毫克)': '3.3',
               '钾(毫克)': '39',
               '铁(毫克)': '2.2',
               '铜(毫克)': '0.08',
               '锌(毫克)': '1.36',
               '锰(毫克)': '0.85',
               '镁(毫克)': '20'}}
{'food_name': '玉米面(白)',
 'kind': '谷类',
 'nutrition': {'核黄素(毫克)': '0.06',
               '烟酸(毫克)': '3',
               '热量(千卡)': '340',
               '硒(微克)': '1.58',
               '硫胺素(毫克)': '0.34',
               '碳水化合物(克)': '66.9',
               '磷(毫克)': '187',
               '维生素A(微克)': '0',
               '维生素C(毫克)': '0',
               '维生素E(毫克)': '6.89',
               '胆固醇(毫克)': '0',
               '胡罗卜素(微克)': '1',
               '脂肪(克)': '4.5',
               '膳食纤维(克)': '6.2',
               '蛋白质(克)': '8',
               '视黄醇当量(微克)': '13.4',
               '钙(毫克)': '12',
               '钠(毫克)': '0.5',
               '钾(毫克)': '276',
               '铁(毫克)': '1.3',
               '铜(毫克)': '0.23',
               '锌(毫克)': '1.22',
               '锰(毫克)': '0.4',
               '镁(毫克)': '111'}}
{'food_name': '小米',
 'kind': '谷类',
 'nutrition': {'核黄素(毫克)': '0.1',
               '烟酸(毫克)': '1.5',
               '热量(千卡)': '358',
               '硒(微克)': '4.74',
               '硫胺素(毫克)': '0.33',
               '碳水化合物(克)': '73.5',
               '磷(毫克)': '229',
               '维生素A(微克)': '17',
               '维生素C(毫克)': '0',
               '维生素E(毫克)': '3.63',
               '胆固醇(毫克)': '0',
               '胡罗卜素(微克)': '1.2',
               '脂肪(克)': '3.1',
               '膳食纤维(克)': '1.6',
               '蛋白质(克)': '9',
               '视黄醇当量(微克)': '11.6',
               '钙(毫克)': '41',
               '钠(毫克)': '4.3',
               '钾(毫克)': '284',
               '铁(毫克)': '5.1',
               '铜(毫克)': '0.54',
               '锌(毫克)': '1.87',
               '锰(毫克)': '0.89',
               '镁(毫克)': '107'}}
{'food_name': '青稞',
 'kind': '谷类',
 'nutrition': {'核黄素(毫克)': '0.11',
               '烟酸(毫克)': '6.7',
               '热量(千卡)': '339',
               '硒(微克)': '4.6',
               '硫胺素(毫克)': '0.34',
               '碳水化合物(克)': '73.2',
               '磷(毫克)': '405',
               '维生素A(微克)': '0',
               '维生素C(毫克)': '0',
               '维生素E(毫克)': '0.96',
               '胆固醇(毫克)': '0',
               '胡罗卜素(微克)': '3',
               '脂肪(克)': '1.5',
               '膳食纤维(克)': '1.8',
               '蛋白质(克)': '8.1',
               '视黄醇当量(微克)': '12.4',
               '钙(毫克)': '113',
               '钠(毫克)': '77',
               '钾(毫克)': '644',
               '铁(毫克)': '40.7',
               '铜(毫克)': '5.13',
               '锌(毫克)': '2.38',
               '锰(毫克)': '2.08',
               '镁(毫克)': '65'}}
{'food_name': '肚里黄',
 'kind': '谷类',
 'nutrition': {'核黄素(毫克)': '0.02',
               '烟酸(毫克)': '1.6',
               '热量(千卡)': '321',
               '硒(微克)': '0',
               '硫胺素(毫克)': '0.37',
               '碳水化合物(克)': '68.7',
               '磷(毫克)': '436',
               '维生素A(微克)': '0',
               '维生素C(毫克)': '0',
               '维生素E(毫克)': '1.28',
               '胆固醇(毫克)': '0',
               '胡罗卜素(微克)': '1.7',
               '脂肪(克)': '1.2',
               '膳食纤维(克)': '8',
               '蛋白质(克)': '8.8',
               '视黄醇当量(微克)': '11.6',
               '钙(毫克)': '3',
               '钠(毫克)': '5.2',
               '钾(毫克)': '223',
               '铁(毫克)': '2.4',
               '铜(毫克)': '13.66',
               '锌(毫克)': '2.31',
               '锰(毫克)': '1.08',
               '镁(毫克)': '80'}}
{'food_name': '玉米笋(罐头)',
 'kind': '谷类',
 'nutrition': {'核黄素(毫克)': '0',
               '烟酸(毫克)': '0',
               '热量(千卡)': '6',
               '硒(微克)': '0.8',
               '硫胺素(毫克)': '0',
               '碳水化合物(克)': '0',
               '磷(毫克)': '4',
               '维生素A(微克)': '7',
               '维生素C(毫克)': '0',
               '维生素E(毫克)': '0',
               '胆固醇(毫克)': '0',
               '胡罗卜素(微克)': '1.3',
               '脂肪(克)': '0.2',
               '膳食纤维(克)': '4.9',
               '蛋白质(克)': '1.1',
               '视黄醇当量(微克)': '93',
               '钙(毫克)': '6',
               '钠(毫克)': '170.9',
               '钾(毫克)': '36',
               '铁(毫克)': '0.1',
               '铜(毫克)': '0.02',
               '锌(毫克)': '0.33',
               '锰(毫克)': '0.12',
               '镁(毫克)': '0'}}
{'food_name': '玉米糁(黄)',
 'kind': '谷类',
 'nutrition': {'核黄素(毫克)': '0.08',
               '烟酸(毫克)': '1.2',
               '热量(千卡)': '347',
               '硒(微克)': '4.9',
               '硫胺素(毫克)': '0.1',
               '碳水化合物(克)': '72',
               '磷(毫克)': '143',
               '维生素A(微克)': '0',
               '维生素C(毫克)': '0',
               '维生素E(毫克)': '0.57',
               '胆固醇(毫克)': '0',
               '胡罗卜素(微克)': '0.7',
               '脂肪(克)': '3',
               '膳食纤维(克)': '3.6',
               '蛋白质(克)': '7.9',
               '视黄醇当量(微克)': '12.8',
               '钙(毫克)': '49',
               '钠(毫克)': '1.7',
               '钾(毫克)': '177',
               '铁(毫克)': '2.4',
               '铜(毫克)': '0.16',
               '锌(毫克)': '1.16',
               '锰(毫克)': '0.22',
               '镁(毫克)': '151'}}
{'food_name': '糜子(带皮)',
 'kind': '谷类',
 'nutrition': {'核黄素(毫克)': '0.18',
               '烟酸(毫克)': '1.2',
               '热量(千卡)': '323',
               '硒(微克)': '12.01',
               '硫胺素(毫克)': '0.45',
               '碳水化合物(克)': '68.8',
               '磷(毫克)': '205',
               '维生素A(微克)': '0',
               '维生素C(毫克)': '0',
               '维生素E(毫克)': '3.5',
               '胆固醇(毫克)': '0',
               '胡罗卜素(微克)': '4.3',
               '脂肪(克)': '0.6',
               '膳食纤维(克)': '6.3',
               '蛋白质(克)': '10.6',
               '视黄醇当量(微克)': '9.4',
               '钙(毫克)': '99',
               '钠(毫克)': '9.6',
               '钾(毫克)': '148',
               '铁(毫克)': '5',
               '铜(毫克)': '0.61',
               '锌(毫克)': '2.07',
               '锰(毫克)': '1.1',
               '镁(毫克)': '146'}}
{'food_name': '薏米面',
 'kind': '谷类',
 'nutrition': {'核黄素(毫克)': '0.14',
               '烟酸(毫克)': '2.4',
               '热量(千卡)': '342',
               '硒(微克)': '3.06',
               '硫胺素(毫克)': '0.07',
               '碳水化合物(克)': '68.7',
               '磷(毫克)': '134',
               '维生素A(微克)': '0',
               '维生素C(毫克)': '0',
               '维生素E(毫克)': '4.89',
               '胆固醇(毫克)': '0',
               '胡罗卜素(微克)': '1.9',
               '脂肪(克)': '2.4',
               '膳食纤维(克)': '4.8',
               '蛋白质(克)': '11.3',
               '视黄醇当量(微克)': '10.9',
               '钙(毫克)': '42',
               '钠(毫克)': '2.3',
               '钾(毫克)': '163',
               '铁(毫克)': '7.4',
               '铜(毫克)': '0.26',
               '锌(毫克)': '1.39',
               '锰(毫克)': '1.51',
               '镁(毫克)': '50'}}
{'food_name': '大麦[元麦]',
 'kind': '谷类',
 'nutrition': {'核黄素(毫克)': '0.14',
               '烟酸(毫克)': '3.9',
               '热量(千卡)': '307',
               '硒(微克)': '9.8',
               '硫胺素(毫克)': '0.43',
               '碳水化合物(克)': '63.4',
               '磷(毫克)': '381',
               '维生素A(微克)': '0',
               '维生素C(毫克)': '0',
               '维生素E(毫克)': '1.23',
               '胆固醇(毫克)': '0',
               '胡罗卜素(微克)': '2',
               '脂肪(克)': '1.4',
               '膳食纤维(克)': '9.9',
               '蛋白质(克)': '10.2',
               '视黄醇当量(微克)': '13.1',
               '钙(毫克)': '66',
               '钠(毫克)': '0',
               '钾(毫克)': '49',
               '铁(毫克)': '6.4',
               '铜(毫克)': '0.63',
               '锌(毫克)': '4.36',
               '锰(毫克)': '1.23',
               '镁(毫克)': '158'}}
{'food_name': '玉米面(强化豆粉)',
 'kind': '谷类',
 'nutrition': {'核黄素(毫克)': '0.04',
               '烟酸(毫克)': '3.1',
               '热量(千卡)': '339',
               '硒(微克)': '9.15',
               '硫胺素(毫克)': '0.21',
               '碳水化合物(克)': '61.9',
               '磷(毫克)': '234',
               '维生素A(微克)': '0',
               '维生素C(毫克)': '0',
               '维生素E(毫克)': '7.13',
               '胆固醇(毫克)': '0',
               '胡罗卜素(微克)': '1.4',
               '脂肪(克)': '4.9',
               '膳食纤维(克)': '6.4',
               '蛋白质(克)': '11.8',
               '视黄醇当量(微克)': '13.6',
               '钙(毫克)': '18',
               '钠(毫克)': '1.6',
               '钾(毫克)': '370',
               '铁(毫克)': '3.4',
               '铜(毫克)': '0.38',
               '锌(毫克)': '1.28',
               '锰(毫克)': '0.74',
               '镁(毫克)': '106'}}
{'food_name': '糜子米(炒米)',
 'kind': '谷类',
 'nutrition': {'核黄素(毫克)': '0.04',
               '烟酸(毫克)': '0.7',
               '热量(千卡)': '374',
               '硒(微克)': '4.53',
               '硫胺素(毫克)': '0.29',
               '碳水化合物(克)': '79.5',
               '磷(毫克)': '233',
               '维生素A(微克)': '0',
               '维生素C(毫克)': '0',
               '维生素E(毫克)': '0',
               '胆固醇(毫克)': '0',
               '胡罗卜素(微克)': '1.2',
               '脂肪(克)': '2.6',
               '膳食纤维(克)': '1',
               '蛋白质(克)': '8.1',
               '视黄醇当量(微克)': '7.6',
               '钙(毫克)': '12',
               '钠(毫克)': '10.7',
               '钾(毫克)': '252',
               '铁(毫克)': '14.3',
               '铜(毫克)': '0.45',
               '锌(毫克)': '1.89',
               '锰(毫克)': '0.63',
               '镁(毫克)': '112'}}
{'food_name': '薏米[薏仁米，苡米]',
 'kind': '谷类',
 'nutrition': {'核黄素(毫克)': '0.15',
               '烟酸(毫克)': '2',
               '热量(千卡)': '357',
               '硒(微克)': '3.07',
               '硫胺素(毫克)': '0.22',
               '碳水化合物(克)': '69.1',
               '磷(毫克)': '217',
               '维生素A(微克)': '0',
               '维生素C(毫克)': '0',
               '维生素E(毫克)': '2.08',
               '胆固醇(毫克)': '0',
               '胡罗卜素(微克)': '1.6',
               '脂肪(克)': '3.3',
               '膳食纤维(克)': '2',
               '蛋白质(克)': '12.8',
               '视黄醇当量(微克)': '11.2',
               '钙(毫克)': '42',
               '钠(毫克)': '3.6',
               '钾(毫克)': '238',
               '铁(毫克)': '3.6',
               '铜(毫克)': '0.29',
               '锌(毫克)': '1.68',
               '锰(毫克)': '1.37',
               '镁(毫克)': '88'}}
{'food_name': '莜麦面',
 'kind': '谷类',
 'nutrition': {'核黄素(毫克)': '0.04',
               '烟酸(毫克)': '3.9',
               '热量(千卡)': '366',
               '硒(微克)': '0.5',
               '硫胺素(毫克)': '0.39',
               '碳水化合物(克)': '63.2',
               '磷(毫克)': '35',
               '维生素A(微克)': '3',
               '维生素C(毫克)': '0',
               '维生素E(毫克)': '7.96',
               '胆固醇(毫克)': '0',
               '胡罗卜素(微克)': '1.8',
               '脂肪(克)': '7.2',
               '膳食纤维(克)': '4.6',
               '蛋白质(克)': '12.2',
               '视黄醇当量(微克)': '11',
               '钙(毫克)': '27',
               '钠(毫克)': '2.2',
               '钾(毫克)': '319',
               '铁(毫克)': '13.6',
               '铜(毫克)': '0.89',
               '锌(毫克)': '2.21',
               '锰(毫克)': '3.86',
               '镁(毫克)': '146'}}
{'food_name': '高粱米',
 'kind': '谷类',
 'nutrition': {'核黄素(毫克)': '0.1',
               '烟酸(毫克)': '1.6',
               '热量(千卡)': '351',
               '硒(微克)': '2.83',
               '硫胺素(毫克)': '0.29',
               '碳水化合物(克)': '70.4',
               '磷(毫克)': '329',
               '维生素A(微克)': '0',
               '维生素C(毫克)': '0',
               '维生素E(毫克)': '1.88',
               '胆固醇(毫克)': '0',
               '胡罗卜素(微克)': '1.5',
               '脂肪(克)': '3.1',
               '膳食纤维(克)': '4.3',
               '蛋白质(克)': '10.4',
               '视黄醇当量(微克)': '10.3',
               '钙(毫克)': '22',
               '钠(毫克)': '6.3',
               '钾(毫克)': '281',
               '铁(毫克)': '6.3',
               '铜(毫克)': '0.53',
               '锌(毫克)': '1.64',
               '锰(毫克)': '1.22',
               '镁(毫克)': '129'}}
{'food_name': '荞麦(带皮)',
 'kind': '谷类',
 'nutrition': {'核黄素(毫克)': '0.06',
               '烟酸(毫克)': '1.3',
               '热量(千卡)': '292',
               '硒(微克)': '1.31',
               '硫胺素(毫克)': '0.24',
               '碳水化合物(克)': '59.7',
               '磷(毫克)': '296',
               '维生素A(微克)': '0',
               '维生素C(毫克)': '0',
               '维生素E(毫克)': '0',
               '胆固醇(毫克)': '0',
               '胡罗卜素(微克)': '2.2',
               '脂肪(克)': '1.7',
               '膳食纤维(克)': '13.3',
               '蛋白质(克)': '9.5',
               '视黄醇当量(微克)': '13.6',
               '钙(毫克)': '154',
               '钠(毫克)': '4',
               '钾(毫克)': '439',
               '铁(毫克)': '10.1',
               '铜(毫克)': '14.05',
               '锌(毫克)': '2.9',
               '锰(毫克)': '1.31',
               '镁(毫克)': '193'}}
{'food_name': '荞麦',
 'kind': '谷类',
 'nutrition': {'核黄素(毫克)': '0.16',
               '烟酸(毫克)': '2.2',
               '热量(千卡)': '324',
               '硒(微克)': '2.45',
               '硫胺素(毫克)': '0.28',
               '碳水化合物(克)': '66.5',
               '磷(毫克)': '297',
               '维生素A(微克)': '3',
               '维生素C(毫克)': '0',
               '维生素E(毫克)': '4.4',
               '胆固醇(毫克)': '0',
               '胡罗卜素(微克)': '2.4',
               '脂肪(克)': '2.3',
               '膳食纤维(克)': '6.5',
               '蛋白质(克)': '9.3',
               '视黄醇当量(微克)': '13',
               '钙(毫克)': '47',
               '钠(毫克)': '4.7',
               '钾(毫克)': '401',
               '铁(毫克)': '6.2',
               '铜(毫克)': '0.56',
               '锌(毫克)': '3.62',
               '锰(毫克)': '2.04',
               '镁(毫克)': '258'}}
{'food_name': '黄米',
 'kind': '谷类',
 'nutrition': {'核黄素(毫克)': '0.13',
               '烟酸(毫克)': '1.3',
               '热量(千卡)': '342',
               '硒(微克)': '0',
               '硫胺素(毫克)': '0.09',
               '碳水化合物(克)': '72.5',
               '磷(毫克)': '0',
               '维生素A(微克)': '0',
               '维生素C(毫克)': '0',
               '维生素E(毫克)': '4.61',
               '胆固醇(毫克)': '0',
               '胡罗卜素(微克)': '0.8',
               '脂肪(克)': '1.5',
               '膳食纤维(克)': '4.4',
               '蛋白质(克)': '9.7',
               '视黄醇当量(微克)': '11.1',
               '钙(毫克)': '0',
               '钠(毫克)': '3.3',
               '钾(毫克)': '0',
               '铁(毫克)': '0',
               '铜(毫克)': '0.9',
               '锌(毫克)': '2.07',
               '锰(毫克)': '0.23',
               '镁(毫克)': '0'}}
{'food_name': '苦荞麦粉',
 'kind': '谷类',
 'nutrition': {'核黄素(毫克)': '0.21',
               '烟酸(毫克)': '1.5',
               '热量(千卡)': '304',
               '硒(微克)': '5.57',
               '硫胺素(毫克)': '0.32',
               '碳水化合物(克)': '60.2',
               '磷(毫克)': '244',
               '维生素A(微克)': '0',
               '维生素C(毫克)': '0',
               '维生素E(毫克)': '1.73',
               '胆固醇(毫克)': '0',
               '胡罗卜素(微克)': '2.3',
               '脂肪(克)': '2.7',
               '膳食纤维(克)': '5.8',
               '蛋白质(克)': '9.7',
               '视黄醇当量(微克)': '19.3',
               '钙(毫克)': '39',
               '钠(毫克)': '2.3',
               '钾(毫克)': '320',
               '铁(毫克)': '4.4',
               '铜(毫克)': '0.89',
               '锌(毫克)': '2.02',
               '锰(毫克)': '1.31',
               '镁(毫克)': '94'}}
{'food_name': '大黄米[黍子]',
 'kind': '谷类',
 'nutrition': {'核黄素(毫克)': '0.09',
               '烟酸(毫克)': '1.4',
               '热量(千卡)': '349',
               '硒(微克)': '2.31',
               '硫胺素(毫克)': '0.3',
               '碳水化合物(克)': '67.6',
               '磷(毫克)': '244',
               '维生素A(微克)': '0',
               '维生素C(毫克)': '0',
               '维生素E(毫克)': '1.79',
               '胆固醇(毫克)': '0',
               '胡罗卜素(微克)': '1.3',
               '脂肪(克)': '2.7',
               '膳食纤维(克)': '3.5',
               '蛋白质(克)': '13.6',
               '视黄醇当量(微克)': '11.3',
               '钙(毫克)': '30',
               '钠(毫克)': '1.7',
               '钾(毫克)': '201',
               '铁(毫克)': '5.7',
               '铜(毫克)': '0.57',
               '锌(毫克)': '3.05',
               '锰(毫克)': '1.5',
               '镁(毫克)': '116'}}
{'food_name': '小米粥',
 'kind': '谷类',
 'nutrition': {'核黄素(毫克)': '0.07',
               '烟酸(毫克)': '0.9',
               '热量(千卡)': '46',
               '硒(微克)': '0.3',
               '硫胺素(毫克)': '0.02',
               '碳水化合物(克)': '8.4',
               '磷(毫克)': '32',
               '维生素A(微克)': '0',
               '维生素C(毫克)': '0',
               '维生素E(毫克)': '0.26',
               '胆固醇(毫克)': '0',
               '胡罗卜素(微克)': '0.2',
               '脂肪(克)': '0.7',
               '膳食纤维(克)': '0',
               '蛋白质(克)': '1.4',
               '视黄醇当量(微克)': '89.3',
               '钙(毫克)': '10',
               '钠(毫克)': '4.1',
               '钾(毫克)': '19',
               '铁(毫克)': '1',
               '铜(毫克)': '0.07',
               '锌(毫克)': '0.41',
               '锰(毫克)': '0.16',
               '镁(毫克)': '22'}}
{'food_name': '小米面',
 'kind': '谷类',
 'nutrition': {'核黄素(毫克)': '0.08',
               '烟酸(毫克)': '2.5',
               '热量(千卡)': '356',
               '硒(微克)': '2.82',
               '硫胺素(毫克)': '0.13',
               '碳水化合物(克)': '77',
               '磷(毫克)': '159',
               '维生素A(微克)': '0',
               '维生素C(毫克)': '0',
               '维生素E(毫克)': '0',
               '胆固醇(毫克)': '0',
               '胡罗卜素(微克)': '1.2',
               '脂肪(克)': '2.1',
               '膳食纤维(克)': '0.7',
               '蛋白质(克)': '7.2',
               '视黄醇当量(微克)': '11.8',
               '钙(毫克)': '40',
               '钠(毫克)': '6.2',
               '钾(毫克)': '129',
               '铁(毫克)': '6.1',
               '铜(毫克)': '0.32',
               '锌(毫克)': '1.18',
               '锰(毫克)': '0.55',
               '镁(毫克)': '57'}}
{'food_name': '玉米面(黄)',
 'kind': '谷类',
 'nutrition': {'核黄素(毫克)': '0.09',
               '烟酸(毫克)': '2.3',
               '热量(千卡)': '341',
               '硒(微克)': '2.49',
               '硫胺素(毫克)': '0.26',
               '碳水化合物(克)': '69.6',
               '磷(毫克)': '196',
               '维生素A(微克)': '7',
               '维生素C(毫克)': '0',
               '维生素E(毫克)': '3.8',
               '胆固醇(毫克)': '0',
               '胡罗卜素(微克)': '1.3',
               '脂肪(克)': '3.3',
               '膳食纤维(克)': '5.6',
               '蛋白质(克)': '8.1',
               '视黄醇当量(微克)': '12.1',
               '钙(毫克)': '22',
               '钠(毫克)': '2.3',
               '钾(毫克)': '249',
               '铁(毫克)': '3.2',
               '铜(毫克)': '0.35',
               '锌(毫克)': '1.42',
               '锰(毫克)': '0.47',
               '镁(毫克)': '84'}}
{'food_name': '玉米(白，干)',
 'kind': '谷类',
 'nutrition': {'核黄素(毫克)': '0.07',
               '烟酸(毫克)': '2.3',
               '热量(千卡)': '336',
               '硒(微克)': '4.14',
               '硫胺素(毫克)': '0.27',
               '碳水化合物(克)': '66.7',
               '磷(毫克)': '244',
               '维生素A(微克)': '0',
               '维生素C(毫克)': '0',
               '维生素E(毫克)': '8.23',
               '胆固醇(毫克)': '0',
               '胡罗卜素(微克)': '1',
               '脂肪(克)': '3.8',
               '膳食纤维(克)': '8',
               '蛋白质(克)': '8.8',
               '视黄醇当量(微克)': '11.7',
               '钙(毫克)': '10',
               '钠(毫克)': '2.5',
               '钾(毫克)': '262',
               '铁(毫克)': '2.2',
               '铜(毫克)': '0.26',
               '锌(毫克)': '1.85',
               '锰(毫克)': '0.51',
               '镁(毫克)': '95'}}
{'food_name': '玉米(鲜)',
 'kind': '谷类',
 'nutrition': {'核黄素(毫克)': '0.11',
               '烟酸(毫克)': '1.8',
               '热量(千卡)': '106',
               '硒(微克)': '1.63',
               '硫胺素(毫克)': '0.16',
               '碳水化合物(克)': '19.9',
               '磷(毫克)': '117',
               '维生素A(微克)': '0',
               '维生素C(毫克)': '16',
               '维生素E(毫克)': '0.46',
               '胆固醇(毫克)': '0',
               '胡罗卜素(微克)': '0.7',
               '脂肪(克)': '1.2',
               '膳食纤维(克)': '2.9',
               '蛋白质(克)': '4',
               '视黄醇当量(微克)': '71.3',
               '钙(毫克)': '0',
               '钠(毫克)': '1.1',
               '钾(毫克)': '238',
               '铁(毫克)': '1.1',
               '铜(毫克)': '0.09',
               '锌(毫克)': '0.9',
               '锰(毫克)': '0.22',
               '镁(毫克)': '32'}}
{'food_name': '高蛋白豆米粉(籼米)',
 'kind': '谷类',
 'nutrition': {'核黄素(毫克)': '0.68',
               '烟酸(毫克)': '0',
               '热量(千卡)': '414',
               '硒(微克)': '0',
               '硫胺素(毫克)': '1.1',
               '碳水化合物(克)': '71',
               '磷(毫克)': '0',
               '维生素A(微克)': '0',
               '维生素C(毫克)': '0',
               '维生素E(毫克)': '0',
               '胆固醇(毫克)': '0',
               '胡罗卜素(微克)': '3.4',
               '脂肪(克)': '7.1',
               '膳食纤维(克)': '0',
               '蛋白质(克)': '16.5',
               '视黄醇当量(微克)': '2',
               '钙(毫克)': '0',
               '钠(毫克)': '0',
               '钾(毫克)': '0',
               '铁(毫克)': '0',
               '铜(毫克)': '0',
               '锌(毫克)': '0',
               '锰(毫克)': '0',
               '镁(毫克)': '0'}}
{'food_name': '籼米粉(干，细)',
 'kind': '谷类',
 'nutrition': {'核黄素(毫克)': '0',
               '烟酸(毫克)': '0.2',
               '热量(千卡)': '346',
               '硒(微克)': '3.44',
               '硫胺素(毫克)': '0.03',
               '碳水化合物(克)': '78.2',
               '磷(毫克)': '53',
               '维生素A(微克)': '0',
               '维生素C(毫克)': '0',
               '维生素E(毫克)': '0',
               '胆固醇(毫克)': '0',
               '胡罗卜素(微克)': '1.3',
               '脂肪(克)': '0.1',
               '膳食纤维(克)': '0.1',
               '蛋白质(克)': '8',
               '视黄醇当量(微克)': '12.3',
               '钙(毫克)': '0',
               '钠(毫克)': '5.9',
               '钾(毫克)': '43',
               '铁(毫克)': '1.4',
               '铜(毫克)': '0.09',
               '锌(毫克)': '2.27',
               '锰(毫克)': '0.63',
               '镁(毫克)': '23'}}
{'food_name': '米饭(蒸)(均值)',
 'kind': '谷类',
 'nutrition': {'核黄素(毫克)': '0.03',
               '烟酸(毫克)': '1.9',
               '热量(千卡)': '116',
               '硒(微克)': '0.4',
               '硫胺素(毫克)': '0.02',
               '碳水化合物(克)': '25.6',
               '磷(毫克)': '62',
               '维生素A(微克)': '0',
               '维生素C(毫克)': '0',
               '维生素E(毫克)': '0',
               '胆固醇(毫克)': '0',
               '胡罗卜素(微克)': '0.3',
               '脂肪(克)': '0.3',
               '膳食纤维(克)': '0.3',
               '蛋白质(克)': '2.6',
               '视黄醇当量(微克)': '70.9',
               '钙(毫克)': '7',
               '钠(毫克)': '2.5',
               '钾(毫克)': '30',
               '铁(毫克)': '1.3',
               '铜(毫克)': '0.06',
               '锌(毫克)': '0.92',
               '锰(毫克)': '0.58',
               '镁(毫克)': '15'}}
{'food_name': '籼米粉[排米粉]',
 'kind': '谷类',
 'nutrition': {'核黄素(毫克)': '0.02',
               '烟酸(毫克)': '0.6',
               '热量(千卡)': '355',
               '硒(微克)': '7.48',
               '硫胺素(毫克)': '0.02',
               '碳水化合物(克)': '81.2',
               '磷(毫克)': '62',
               '维生素A(微克)': '0',
               '维生素C(毫克)': '0',
               '维生素E(毫克)': '0',
               '胆固醇(毫克)': '0',
               '胡罗卜素(微克)': '0.3',
               '脂肪(克)': '0.1',
               '膳食纤维(克)': '0.3',
               '蛋白质(克)': '7.4',
               '视黄醇当量(微克)': '10.7',
               '钙(毫克)': '6',
               '钠(毫克)': '16.3',
               '钾(毫克)': '14',
               '铁(毫克)': '3.2',
               '铜(毫克)': '0.3',
               '锌(毫克)': '0.8',
               '锰(毫克)': '0.6',
               '镁(毫克)': '16'}}
{'food_name': '粳米粥',
 'kind': '谷类',
 'nutrition': {'核黄素(毫克)': '0.03',
               '烟酸(毫克)': '0.2',
               '热量(千卡)': '46',
               '硒(微克)': '0.2',
               '硫胺素(毫克)': '0',
               '碳水化合物(克)': '9.8',
               '磷(毫克)': '20',
               '维生素A(微克)': '0',
               '维生素C(毫克)': '0',
               '维生素E(毫克)': '0',
               '胆固醇(毫克)': '0',
               '胡罗卜素(微克)': '0.1',
               '脂肪(克)': '0.3',
               '膳食纤维(克)': '0.1',
               '蛋白质(克)': '1.1',
               '视黄醇当量(微克)': '88.6',
               '钙(毫克)': '7',
               '钠(毫克)': '2.8',
               '钾(毫克)': '13',
               '铁(毫克)': '0.1',
               '铜(毫克)': '0.03',
               '锌(毫克)': '0.2',
               '锰(毫克)': '0.2',
               '镁(毫克)': '7'}}
{'food_name': '糯米[江米](均值)',
 'kind': '谷类',
 'nutrition': {'核黄素(毫克)': '0.04',
               '烟酸(毫克)': '2.3',
               '热量(千卡)': '348',
               '硒(微克)': '2.71',
               '硫胺素(毫克)': '0.11',
               '碳水化合物(克)': '77.5',
               '磷(毫克)': '113',
               '维生素A(微克)': '0',
               '维生素C(毫克)': '0',
               '维生素E(毫克)': '1.29',
               '胆固醇(毫克)': '0',
               '胡罗卜素(微克)': '0.8',
               '脂肪(克)': '1',
               '膳食纤维(克)': '0.8',
               '蛋白质(克)': '7.3',
               '视黄醇当量(微克)': '12.6',
               '钙(毫克)': '26',
               '钠(毫克)': '1.5',
               '钾(毫克)': '137',
               '铁(毫克)': '1.4',
               '铜(毫克)': '0.25',
               '锌(毫克)': '1.54',
               '锰(毫克)': '1.54',
               '镁(毫克)': '49'}}
{'food_name': '籼糯米',
 'kind': '谷类',
 'nutrition': {'核黄素(毫克)': '0.04',
               '烟酸(毫克)': '2.3',
               '热量(千卡)': '352',
               '硒(微克)': '2.4',
               '硫胺素(毫克)': '0.19',
               '碳水化合物(克)': '77.5',
               '磷(毫克)': '82',
               '维生素A(微克)': '0',
               '维生素C(毫克)': '0',
               '维生素E(毫克)': '0',
               '胆固醇(毫克)': '0',
               '胡罗卜素(微克)': '0.7',
               '脂肪(克)': '1.1',
               '膳食纤维(克)': '0.5',
               '蛋白质(克)': '7.9',
               '视黄醇当量(微克)': '12.3',
               '钙(毫克)': '14',
               '钠(毫克)': '1.9',
               '钾(毫克)': '132',
               '铁(毫克)': '1.8',
               '铜(毫克)': '0.17',
               '锌(毫克)': '1.52',
               '锰(毫克)': '1.31',
               '镁(毫克)': '52'}}
{'food_name': '香大米',
 'kind': '谷类',
 'nutrition': {'核黄素(毫克)': '0.08',
               '烟酸(毫克)': '2.6',
               '热量(千卡)': '346',
               '硒(微克)': '4.6',
               '硫胺素(毫克)': '0',
               '碳水化合物(克)': '71.8',
               '磷(毫克)': '106',
               '维生素A(微克)': '0',
               '维生素C(毫克)': '0',
               '维生素E(毫克)': '0.7',
               '胆固醇(毫克)': '0',
               '胡罗卜素(微克)': '1.1',
               '脂肪(克)': '0.9',
               '膳食纤维(克)': '0.6',
               '蛋白质(克)': '12.7',
               '视黄醇当量(微克)': '12.9',
               '钙(毫克)': '8',
               '钠(毫克)': '21.5',
               '钾(毫克)': '49',
               '铁(毫克)': '5.1',
               '铜(毫克)': '0.52',
               '锌(毫克)': '0.69',
               '锰(毫克)': '1.75',
               '镁(毫克)': '12'}}
{'food_name': '晚籼(特等)',
 'kind': '谷类',
 'nutrition': {'核黄素(毫克)': '0.1',
               '烟酸(毫克)': '1.5',
               '热量(千卡)': '342',
               '硒(微克)': '1.56',
               '硫胺素(毫克)': '0.09',
               '碳水化合物(克)': '76.7',
               '磷(毫克)': '104',
               '维生素A(微克)': '0',
               '维生素C(毫克)': '0',
               '维生素E(毫克)': '0',
               '胆固醇(毫克)': '0',
               '胡罗卜素(微克)': '0.7',
               '脂肪(克)': '0.3',
               '膳食纤维(克)': '0.2',
               '蛋白质(克)': '8.1',
               '视黄醇当量(微克)': '14',
               '钙(毫克)': '6',
               '钠(毫克)': '0.8',
               '钾(毫克)': '107',
               '铁(毫克)': '0.7',
               '铜(毫克)': '0.23',
               '锌(毫克)': '1.5',
               '锰(毫克)': '0.89',
               '镁(毫克)': '28'}}
{'food_name': '早籼(特等)',
 'kind': '谷类',
 'nutrition': {'核黄素(毫克)': '0.03',
               '烟酸(毫克)': '1.6',
               '热量(千卡)': '346',
               '硒(微克)': '2.07',
               '硫胺素(毫克)': '0.13',
               '碳水化合物(克)': '76',
               '磷(毫克)': '141',
               '维生素A(微克)': '0',
               '维生素C(毫克)': '0',
               '维生素E(毫克)': '0',
               '胆固醇(毫克)': '0',
               '胡罗卜素(微克)': '0.7',
               '脂肪(克)': '0.6',
               '膳食纤维(克)': '0.7',
               '蛋白质(克)': '9.1',
               '视黄醇当量(微克)': '12.9',
               '钙(毫克)': '6',
               '钠(毫克)': '1.3',
               '钾(毫克)': '108',
               '铁(毫克)': '0.9',
               '铜(毫克)': '0.4',
               '锌(毫克)': '1.54',
               '锰(毫克)': '1.3',
               '镁(毫克)': '42'}}
{'food_name': '早籼(标二)',
 'kind': '谷类',
 'nutrition': {'核黄素(毫克)': '0.09',
               '烟酸(毫克)': '3',
               '热量(千卡)': '345',
               '硒(微克)': '1.82',
               '硫胺素(毫克)': '0.2',
               '碳水化合物(克)': '74.6',
               '磷(毫克)': '192',
               '维生素A(微克)': '0',
               '维生素C(毫克)': '0',
               '维生素E(毫克)': '0',
               '胆固醇(毫克)': '0',
               '胡罗卜素(微克)': '0.7',
               '脂肪(克)': '1',
               '膳食纤维(克)': '0.5',
               '蛋白质(克)': '9.5',
               '视黄醇当量(微克)': '13.7',
               '钙(毫克)': '6',
               '钠(毫克)': '0.8',
               '钾(毫克)': '171',
               '铁(毫克)': '1',
               '铜(毫克)': '0.55',
               '锌(毫克)': '1.89',
               '锰(毫克)': '1.84',
               '镁(毫克)': '79'}}
{'food_name': '早籼(标一)',
 'kind': '谷类',
 'nutrition': {'核黄素(毫克)': '0.05',
               '烟酸(毫克)': '2',
               '热量(千卡)': '351',
               '硒(微克)': '2.05',
               '硫胺素(毫克)': '0.16',
               '碳水化合物(克)': '76.8',
               '磷(毫克)': '141',
               '维生素A(微克)': '0',
               '维生素C(毫克)': '0',
               '维生素E(毫克)': '0',
               '胆固醇(毫克)': '0',
               '胡罗卜素(微克)': '0.7',
               '脂肪(克)': '1',
               '膳食纤维(克)': '0.4',
               '蛋白质(克)': '8.8',
               '视黄醇当量(微克)': '12.3',
               '钙(毫克)': '10',
               '钠(毫克)': '1.9',
               '钾(毫克)': '124',
               '铁(毫克)': '1.2',
               '铜(毫克)': '0.23',
               '锌(毫克)': '1.59',
               '锰(毫克)': '1.21',
               '镁(毫克)': '57'}}
{'food_name': '籼米(标准)[机米]',
 'kind': '谷类',
 'nutrition': {'核黄素(毫克)': '0.04',
               '烟酸(毫克)': '1.4',
               '热量(千卡)': '347',
               '硒(微克)': '1.99',
               '硫胺素(毫克)': '0.09',
               '碳水化合物(克)': '77.5',
               '磷(毫克)': '112',
               '维生素A(微克)': '0',
               '维生素C(毫克)': '0',
               '维生素E(毫克)': '0.54',
               '胆固醇(毫克)': '0',
               '胡罗卜素(微克)': '0.6',
               '脂肪(克)': '0.6',
               '膳食纤维(克)': '0.8',
               '蛋白质(克)': '7.9',
               '视黄醇当量(微克)': '12.6',
               '钙(毫克)': '12',
               '钠(毫克)': '1.7',
               '钾(毫克)': '109',
               '铁(毫克)': '1.6',
               '铜(毫克)': '0.29',
               '锌(毫克)': '1.47',
               '锰(毫克)': '1.27',
               '镁(毫克)': '28'}}
{'food_name': '籼米(标一)',
 'kind': '谷类',
 'nutrition': {'核黄素(毫克)': '0.06',
               '烟酸(毫克)': '2.1',
               '热量(千卡)': '346',
               '硒(微克)': '3.8',
               '硫胺素(毫克)': '0.15',
               '碳水化合物(克)': '77.3',
               '磷(毫克)': '146',
               '维生素A(微克)': '0',
               '维生素C(毫克)': '0',
               '维生素E(毫克)': '0.43',
               '胆固醇(毫克)': '0',
               '胡罗卜素(微克)': '0.7',
               '脂肪(克)': '0.7',
               '膳食纤维(克)': '0.6',
               '蛋白质(克)': '7.7',
               '视黄醇当量(微克)': '13',
               '钙(毫克)': '7',
               '钠(毫克)': '2.7',
               '钾(毫克)': '89',
               '铁(毫克)': '1.3',
               '铜(毫克)': '0.23',
               '锌(毫克)': '1.46',
               '锰(毫克)': '1',
               '镁(毫克)': '33'}}
{'food_name': '馒头(标准粉)',
 'kind': '谷类',
 'nutrition': {'核黄素(毫克)': '0.07',
               '烟酸(毫克)': '0',
               '热量(千卡)': '233',
               '硒(微克)': '9.7',
               '硫胺素(毫克)': '0.05',
               '碳水化合物(克)': '48.3',
               '磷(毫克)': '136',
               '维生素A(微克)': '0',
               '维生素C(毫克)': '0',
               '维生素E(毫克)': '0.86',
               '胆固醇(毫克)': '0',
               '胡罗卜素(微克)': '0.9',
               '脂肪(克)': '1',
               '膳食纤维(克)': '1.5',
               '蛋白质(克)': '7.8',
               '视黄醇当量(微克)': '40.5',
               '钙(毫克)': '18',
               '钠(毫克)': '165.2',
               '钾(毫克)': '129',
               '铁(毫克)': '1.9',
               '铜(毫克)': '0.14',
               '锌(毫克)': '1.01',
               '锰(毫克)': '1.27',
               '镁(毫克)': '39'}}
{'food_name': '油面筋',
 'kind': '谷类',
 'nutrition': {'核黄素(毫克)': '0.05',
               '烟酸(毫克)': '2.2',
               '热量(千卡)': '490',
               '硒(微克)': '22.8',
               '硫胺素(毫克)': '0.03',
               '碳水化合物(克)': '39.1',
               '磷(毫克)': '98',
               '维生素A(微克)': '0',
               '维生素C(毫克)': '0',
               '维生素E(毫克)': '7.18',
               '胆固醇(毫克)': '0',
               '胡罗卜素(微克)': '0.5',
               '脂肪(克)': '25.1',
               '膳食纤维(克)': '1.3',
               '蛋白质(克)': '26.9',
               '视黄醇当量(微克)': '7.1',
               '钙(毫克)': '29',
               '钠(毫克)': '29.5',
               '钾(毫克)': '45',
               '铁(毫克)': '2.5',
               '铜(毫克)': '0.5',
               '锌(毫克)': '2.29',
               '锰(毫克)': '1.28',
               '镁(毫克)': '40'}}
{'food_name': '水面筋',
 'kind': '谷类',
 'nutrition': {'核黄素(毫克)': '0.07',
               '烟酸(毫克)': '1.1',
               '热量(千卡)': '141',
               '硒(微克)': '1',
               '硫胺素(毫克)': '0.1',
               '碳水化合物(克)': '11.4',
               '磷(毫克)': '133',
               '维生素A(微克)': '0',
               '维生素C(毫克)': '0',
               '维生素E(毫克)': '0.65',
               '胆固醇(毫克)': '0',
               '胡罗卜素(微克)': '0.6',
               '脂肪(克)': '0.1',
               '膳食纤维(克)': '0.9',
               '蛋白质(克)': '23.5',
               '视黄醇当量(微克)': '63.5',
               '钙(毫克)': '76',
               '钠(毫克)': '15',
               '钾(毫克)': '69',
               '铁(毫克)': '4.2',
               '铜(毫克)': '0.19',
               '锌(毫克)': '1.76',
               '锰(毫克)': '0.86',
               '镁(毫克)': '26'}}
{'food_name': '油条',
 'kind': '谷类',
 'nutrition': {'核黄素(毫克)': '0.07',
               '烟酸(毫克)': '0.7',
               '热量(千卡)': '386',
               '硒(微克)': '8.6',
               '硫胺素(毫克)': '0.01',
               '碳水化合物(克)': '50.1',
               '磷(毫克)': '77',
               '维生素A(微克)': '0',
               '维生素C(毫克)': '0',
               '维生素E(毫克)': '3.19',
               '胆固醇(毫克)': '0',
               '胡罗卜素(微克)': '2.7',
               '脂肪(克)': '17.6',
               '膳食纤维(克)': '0.9',
               '蛋白质(克)': '6.9',
               '视黄醇当量(微克)': '21.8',
               '钙(毫克)': '6',
               '钠(毫克)': '585.2',
               '钾(毫克)': '227',
               '铁(毫克)': '1',
               '铜(毫克)': '0.19',
               '锌(毫克)': '0.75',
               '锰(毫克)': '0.52',
               '镁(毫克)': '19'}}
{'food_name': '馒头(富强粉)',
 'kind': '谷类',
 'nutrition': {'核黄素(毫克)': '0.02',
               '烟酸(毫克)': '0',
               '热量(千卡)': '208',
               '硒(微克)': '7.2',
               '硫胺素(毫克)': '0.02',
               '碳水化合物(克)': '43.2',
               '磷(毫克)': '78',
               '维生素A(微克)': '0',
               '维生素C(毫克)': '0',
               '维生素E(毫克)': '0.09',
               '胆固醇(毫克)': '0',
               '胡罗卜素(微克)': '1.1',
               '脂肪(克)': '1.2',
               '膳食纤维(克)': '1',
               '蛋白质(克)': '6.2',
               '视黄醇当量(微克)': '47.3',
               '钙(毫克)': '58',
               '钠(毫克)': '165',
               '钾(毫克)': '146',
               '铁(毫克)': '1.7',
               '铜(毫克)': '0.05',
               '锌(毫克)': '0.4',
               '锰(毫克)': '0.29',
               '镁(毫克)': '20'}}
{'food_name': '馒头(均值)',
 'kind': '谷类',
 'nutrition': {'核黄素(毫克)': '0.05',
               '烟酸(毫克)': '0',
               '热量(千卡)': '221',
               '硒(微克)': '8.45',
               '硫胺素(毫克)': '0.04',
               '碳水化合物(克)': '45.7',
               '磷(毫克)': '107',
               '维生素A(微克)': '0',
               '维生素C(毫克)': '0',
               '维生素E(毫克)': '0.65',
               '胆固醇(毫克)': '0',
               '胡罗卜素(微克)': '1',
               '脂肪(克)': '1.1',
               '膳食纤维(克)': '1.3',
               '蛋白质(克)': '7',
               '视黄醇当量(微克)': '43.9',
               '钙(毫克)': '38',
               '钠(毫克)': '165.1',
               '钾(毫克)': '138',
               '铁(毫克)': '1.8',
               '铜(毫克)': '0.1',
               '锌(毫克)': '0.71',
               '锰(毫克)': '0.78',
               '镁(毫克)': '30'}}
{'food_name': '烙饼(标准粉)',
 'kind': '谷类',
 'nutrition': {'核黄素(毫克)': '0.04',
               '烟酸(毫克)': '0',
               '热量(千卡)': '255',
               '硒(微克)': '7.5',
               '硫胺素(毫克)': '0.02',
               '碳水化合物(克)': '51',
               '磷(毫克)': '146',
               '维生素A(微克)': '0',
               '维生素C(毫克)': '0',
               '维生素E(毫克)': '1.03',
               '胆固醇(毫克)': '0',
               '胡罗卜素(微克)': '0.9',
               '脂肪(克)': '2.3',
               '膳食纤维(克)': '1.9',
               '蛋白质(克)': '7.5',
               '视黄醇当量(微克)': '36.4',
               '钙(毫克)': '20',
               '钠(毫克)': '149.3',
               '钾(毫克)': '141',
               '铁(毫克)': '2.4',
               '铜(毫克)': '0.15',
               '锌(毫克)': '0.94',
               '锰(毫克)': '1.15',
               '镁(毫克)': '51'}}
{'food_name': '空锅饼',
 'kind': '谷类',
 'nutrition': {'核黄素(毫克)': '0',
               '烟酸(毫克)': '0',
               '热量(千卡)': '277',
               '硒(微克)': '24.19',
               '硫胺素(毫克)': '0.14',
               '碳水化合物(克)': '60.2',
               '磷(毫克)': '133',
               '维生素A(微克)': '0',
               '维生素C(毫克)': '0',
               '维生素E(毫克)': '0.08',
               '胆固醇(毫克)': '0',
               '胡罗卜素(微克)': '0.9',
               '脂肪(克)': '0.2',
               '膳食纤维(克)': '0.7',
               '蛋白质(克)': '8.6',
               '视黄醇当量(微克)': '29.4',
               '钙(毫克)': '2',
               '钠(毫克)': '243.2',
               '钾(毫克)': '138',
               '铁(毫克)': '5.8',
               '铜(毫克)': '0.13',
               '锌(毫克)': '1.73',
               '锰(毫克)': '0.78',
               '镁(毫克)': '30'}}
{'food_name': '花卷',
 'kind': '谷类',
 'nutrition': {'核黄素(毫克)': '0.02',
               '烟酸(毫克)': '1.1',
               '热量(千卡)': '211',
               '硒(微克)': '6.17',
               '硫胺素(毫克)': '0',
               '碳水化合物(克)': '44.1',
               '磷(毫克)': '72',
               '维生素A(微克)': '0',
               '维生素C(毫克)': '0',
               '维生素E(毫克)': '0',
               '胆固醇(毫克)': '0',
               '胡罗卜素(微克)': '1.3',
               '脂肪(克)': '1',
               '膳食纤维(克)': '1.5',
               '蛋白质(克)': '6.4',
               '视黄醇当量(微克)': '45.7',
               '钙(毫克)': '19',
               '钠(毫克)': '95',
               '钾(毫克)': '83',
               '铁(毫克)': '0.4',
               '铜(毫克)': '0.09',
               '锌(毫克)': '0',
               '锰(毫克)': '0',
               '镁(毫克)': '12'}}
{'food_name': '通心面[通心粉]',
 'kind': '谷类',
 'nutrition': {'核黄素(毫克)': '0.03',
               '烟酸(毫克)': '1',
               '热量(千卡)': '350',
               '硒(微克)': '5.8',
               '硫胺素(毫克)': '0.12',
               '碳水化合物(克)': '75.4',
               '磷(毫克)': '97',
               '维生素A(微克)': '0',
               '维生素C(毫克)': '0',
               '维生素E(毫克)': '0',
               '胆固醇(毫克)': '0',
               '胡罗卜素(微克)': '0.4',
               '脂肪(克)': '0.1',
               '膳食纤维(克)': '0.4',
               '蛋白质(克)': '11.9',
               '视黄醇当量(微克)': '11.8',
               '钙(毫克)': '14',
               '钠(毫克)': '35',
               '钾(毫克)': '209',
               '铁(毫克)': '2.6',
               '铜(毫克)': '0.16',
               '锌(毫克)': '1.55',
               '锰(毫克)': '0.67',
               '镁(毫克)': '58'}}
{'food_name': '面条(虾蓉面)',
 'kind': '谷类',
 'nutrition': {'核黄素(毫克)': '0.01',
               '烟酸(毫克)': '2.8',
               '热量(千卡)': '429',
               '硒(微克)': '9.39',
               '硫胺素(毫克)': '0',
               '碳水化合物(克)': '64.7',
               '磷(毫克)': '92',
               '维生素A(微克)': '0',
               '维生素C(毫克)': '0',
               '维生素E(毫克)': '1.22',
               '胆固醇(毫克)': '0',
               '胡罗卜素(微克)': '2',
               '脂肪(克)': '15.1',
               '膳食纤维(克)': '3.6',
               '蛋白质(克)': '8.5',
               '视黄醇当量(微克)': '6.1',
               '钙(毫克)': '17',
               '钠(毫克)': '304.2',
               '钾(毫克)': '101',
               '铁(毫克)': '2',
               '铜(毫克)': '0.45',
               '锌(毫克)': '0',
               '锰(毫克)': '0',
               '镁(毫克)': '24'}}
{'food_name': '面条(干切面)',
 'kind': '谷类',
 'nutrition': {'核黄素(毫克)': '0.05',
               '烟酸(毫克)': '2.7',
               '热量(千卡)': '355',
               '硒(微克)': '7.78',
               '硫胺素(毫克)': '0.28',
               '碳水化合物(克)': '77.5',
               '磷(毫克)': '142',
               '维生素A(微克)': '0',
               '维生素C(毫克)': '0',
               '维生素E(毫克)': '0',
               '胆固醇(毫克)': '0',
               '胡罗卜素(微克)': '0.7',
               '脂肪(克)': '0.1',
               '膳食纤维(克)': '0.2',
               '蛋白质(克)': '11',
               '视黄醇当量(微克)': '10.5',
               '钙(毫克)': '8',
               '钠(毫克)': '60.9',
               '钾(毫克)': '100',
               '铁(毫克)': '9.6',
               '铜(毫克)': '0.22',
               '锌(毫克)': '1.5',
               '锰(毫克)': '0.72',
               '镁(毫克)': '42'}}
{'food_name': '面条(富强粉，煮)',
 'kind': '谷类',
 'nutrition': {'核黄素(毫克)': '0.01',
               '烟酸(毫克)': '1.8',
               '热量(千卡)': '109',
               '硒(微克)': '0.2',
               '硫胺素(毫克)': '0',
               '碳水化合物(克)': '24.2',
               '磷(毫克)': '25',
               '维生素A(微克)': '0',
               '维生素C(毫克)': '0',
               '维生素E(毫克)': '0',
               '胆固醇(毫克)': '0',
               '胡罗卜素(微克)': '0.2',
               '脂肪(克)': '0.2',
               '膳食纤维(克)': '0.1',
               '蛋白质(克)': '2.7',
               '视黄醇当量(微克)': '72.6',
               '钙(毫克)': '4',
               '钠(毫克)': '26.9',
               '钾(毫克)': '15',
               '铁(毫克)': '0.5',
               '铜(毫克)': '0.04',
               '锌(毫克)': '0.21',
               '锰(毫克)': '0.2',
               '镁(毫克)': '10'}}
{'food_name': '面条(特粉，切面)',
 'kind': '谷类',
 'nutrition': {'核黄素(毫克)': '0.09',
               '烟酸(毫克)': '0.3',
               '热量(千卡)': '286',
               '硒(微克)': '15.82',
               '硫胺素(毫克)': '0.17',
               '碳水化合物(克)': '63.9',
               '磷(毫克)': '181',
               '维生素A(微克)': '0',
               '维生素C(毫克)': '0',
               '维生素E(毫克)': '0.47',
               '胆固醇(毫克)': '0',
               '胡罗卜素(微克)': '0.6',
               '脂肪(克)': '0.1',
               '膳食纤维(克)': '0.6',
               '蛋白质(克)': '7.3',
               '视黄醇当量(微克)': '27.5',
               '钙(毫克)': '3',
               '钠(毫克)': '9.7',
               '钾(毫克)': '128',
               '铁(毫克)': '4.7',
               '铜(毫克)': '0.16',
               '锌(毫克)': '1.68',
               '锰(毫克)': '0.74',
               '镁(毫克)': '36'}}
{'food_name': '面条(富强粉，切面)',
 'kind': '谷类',
 'nutrition': {'核黄素(毫克)': '0.04',
               '烟酸(毫克)': '2.2',
               '热量(千卡)': '285',
               '硒(微克)': '17.3',
               '硫胺素(毫克)': '0.18',
               '碳水化合物(克)': '59.5',
               '磷(毫克)': '92',
               '维生素A(微克)': '0',
               '维生素C(毫克)': '0',
               '维生素E(毫克)': '0',
               '胆固醇(毫克)': '0',
               '胡罗卜素(微克)': '0.5',
               '脂肪(克)': '1.1',
               '膳食纤维(克)': '0.4',
               '蛋白质(克)': '9.3',
               '视黄醇当量(微克)': '29.2',
               '钙(毫克)': '24',
               '钠(毫克)': '1.5',
               '钾(毫克)': '102',
               '铁(毫克)': '2',
               '铜(毫克)': '0.14',
               '锌(毫克)': '0.83',
               '锰(毫克)': '0.56',
               '镁(毫克)': '29'}}
{'food_name': '面条(标准粉，切面)',
 'kind': '谷类',
 'nutrition': {'核黄素(毫克)': '0.1',
               '烟酸(毫克)': '3.1',
               '热量(千卡)': '280',
               '硒(微克)': '0.4',
               '硫胺素(毫克)': '0.35',
               '碳水化合物(克)': '58',
               '磷(毫克)': '142',
               '维生素A(微克)': '0',
               '维生素C(毫克)': '0',
               '维生素E(毫克)': '0.47',
               '胆固醇(毫克)': '0',
               '胡罗卜素(微克)': '0.7',
               '脂肪(克)': '1.6',
               '膳食纤维(克)': '1.5',
               '蛋白质(克)': '8.5',
               '视黄醇当量(微克)': '29.7',
               '钙(毫克)': '13',
               '钠(毫克)': '3.4',
               '钾(毫克)': '161',
               '铁(毫克)': '2.6',
               '铜(毫克)': '0.2',
               '锌(毫克)': '1.07',
               '锰(毫克)': '1.35',
               '镁(毫克)': '61'}}
{'food_name': '面条(均值)',
 'kind': '谷类',
 'nutrition': {'核黄素(毫克)': '0.07',
               '烟酸(毫克)': '1.4',
               '热量(千卡)': '284',
               '硒(微克)': '11.74',
               '硫胺素(毫克)': '0.22',
               '碳水化合物(克)': '61.1',
               '磷(毫克)': '162',
               '维生素A(微克)': '0',
               '维生素C(毫克)': '0',
               '维生素E(毫克)': '0.59',
               '胆固醇(毫克)': '0',
               '胡罗卜素(微克)': '0.6',
               '脂肪(克)': '0.7',
               '膳食纤维(克)': '0.8',
               '蛋白质(克)': '8.3',
               '视黄醇当量(微克)': '28.5',
               '钙(毫克)': '11',
               '钠(毫克)': '28',
               '钾(毫克)': '135',
               '铁(毫克)': '3.6',
               '铜(毫克)': '0.17',
               '锌(毫克)': '1.43',
               '锰(毫克)': '0.86',
               '镁(毫克)': '39'}}
{'food_name': '挂面(精制龙须面)',
 'kind': '谷类',
 'nutrition': {'核黄素(毫克)': '0.03',
               '烟酸(毫克)': '2.5',
               '热量(千卡)': '347',
               '硒(微克)': '14.28',
               '硫胺素(毫克)': '0.18',
               '碳水化合物(克)': '74.5',
               '磷(毫克)': '137',
               '维生素A(微克)': '0',
               '维生素C(毫克)': '0',
               '维生素E(毫克)': '0',
               '胆固醇(毫克)': '0',
               '胡罗卜素(微克)': '1.7',
               '脂肪(克)': '0.5',
               '膳食纤维(克)': '0.2',
               '蛋白质(克)': '11.2',
               '视黄醇当量(微克)': '11.9',
               '钙(毫克)': '26',
               '钠(毫克)': '292.8',
               '钾(毫克)': '109',
               '铁(毫克)': '2.3',
               '铜(毫克)': '0.33',
               '锌(毫克)': '0.87',
               '锰(毫克)': '0.81',
               '镁(毫克)': '48'}}
{'food_name': '挂面(标准粉)',
 'kind': '谷类',
 'nutrition': {'核黄素(毫克)': '0.04',
               '烟酸(毫克)': '2.5',
               '热量(千卡)': '344',
               '硒(微克)': '9.9',
               '硫胺素(毫克)': '0.19',
               '碳水化合物(克)': '74.4',
               '磷(毫克)': '153',
               '维生素A(微克)': '0',
               '维生素C(毫克)': '0',
               '维生素E(毫克)': '1.11',
               '胆固醇(毫克)': '0',
               '胡罗卜素(微克)': '0.8',
               '脂肪(克)': '0.7',
               '膳食纤维(克)': '1.6',
               '蛋白质(克)': '10.1',
               '视黄醇当量(微克)': '12.4',
               '钙(毫克)': '14',
               '钠(毫克)': '150',
               '钾(毫克)': '157',
               '铁(毫克)': '3.5',
               '铜(毫克)': '0.44',
               '锌(毫克)': '1.22',
               '锰(毫克)': '1.28',
               '镁(毫克)': '51'}}
{'food_name': '小麦粉(特二粉)',
 'kind': '谷类',
 'nutrition': {'核黄素(毫克)': '0.11',
               '烟酸(毫克)': '2',
               '热量(千卡)': '349',
               '硒(微克)': '6.01',
               '硫胺素(毫克)': '0.15',
               '碳水化合物(克)': '74.3',
               '磷(毫克)': '120',
               '维生素A(微克)': '0',
               '维生素C(毫克)': '0',
               '维生素E(毫克)': '1.25',
               '胆固醇(毫克)': '0',
               '胡罗卜素(微克)': '0.6',
               '脂肪(克)': '1.1',
               '膳食纤维(克)': '1.6',
               '蛋白质(克)': '10.4',
               '视黄醇当量(微克)': '12',
               '钙(毫克)': '30',
               '钠(毫克)': '1.5',
               '钾(毫克)': '124',
               '铁(毫克)': '3',
               '铜(毫克)': '0.58',
               '锌(毫克)': '0.96',
               '锰(毫克)': '0.92',
               '镁(毫克)': '48'}}
{'food_name': '挂面(均值)',
 'kind': '谷类',
 'nutrition': {'核黄素(毫克)': '0.04',
               '烟酸(毫克)': '2.5',
               '热量(千卡)': '346',
               '硒(微克)': '11.77',
               '硫胺素(毫克)': '0.19',
               '碳水化合物(克)': '74.9',
               '磷(毫克)': '134',
               '维生素A(微克)': '0',
               '维生素C(毫克)': '0',
               '维生素E(毫克)': '1.04',
               '胆固醇(毫克)': '0',
               '胡罗卜素(微克)': '1.2',
               '脂肪(克)': '0.6',
               '膳食纤维(克)': '0.7',
               '蛋白质(克)': '10.3',
               '视黄醇当量(微克)': '12.3',
               '钙(毫克)': '17',
               '钠(毫克)': '184.5',
               '钾(毫克)': '129',
               '铁(毫克)': '3',
               '铜(毫克)': '0.39',
               '锌(毫克)': '0.94',
               '锰(毫克)': '0.92',
               '镁(毫克)': '49'}}
{'food_name': '麸皮',
 'kind': '谷类',
 'nutrition': {'核黄素(毫克)': '0.3',
               '烟酸(毫克)': '12.5',
               '热量(千卡)': '220',
               '硒(微克)': '7.12',
               '硫胺素(毫克)': '0.3',
               '碳水化合物(克)': '30.1',
               '磷(毫克)': '682',
               '维生素A(微克)': '20',
               '维生素C(毫克)': '0',
               '维生素E(毫克)': '4.47',
               '胆固醇(毫克)': '0',
               '胡罗卜素(微克)': '4.3',
               '脂肪(克)': '4',
               '膳食纤维(克)': '31.3',
               '蛋白质(克)': '15.8',
               '视黄醇当量(微克)': '14.5',
               '钙(毫克)': '206',
               '钠(毫克)': '12.2',
               '钾(毫克)': '862',
               '铁(毫克)': '9.9',
               '铜(毫克)': '2.03',
               '锌(毫克)': '5.98',
               '锰(毫克)': '10.85',
               '镁(毫克)': '382'}}
{'food_name': '小麦粉(富强粉，特一粉)',
 'kind': '谷类',
 'nutrition': {'核黄素(毫克)': '0.06',
               '烟酸(毫克)': '2',
               '热量(千卡)': '350',
               '硒(微克)': '6.88',
               '硫胺素(毫克)': '0.17',
               '碳水化合物(克)': '74.6',
               '磷(毫克)': '114',
               '维生素A(微克)': '0',
               '维生素C(毫克)': '0',
               '维生素E(毫克)': '0.73',
               '胆固醇(毫克)': '0',
               '胡罗卜素(微克)': '0.7',
               '脂肪(克)': '1.1',
               '膳食纤维(克)': '0.6',
               '蛋白质(克)': '10.3',
               '视黄醇当量(微克)': '12.7',
               '钙(毫克)': '27',
               '钠(毫克)': '2.7',
               '钾(毫克)': '128',
               '铁(毫克)': '2.7',
               '铜(毫克)': '0.26',
               '锌(毫克)': '0.97',
               '锰(毫克)': '0.77',
               '镁(毫克)': '32'}}
{'food_name': '小麦粉(标准粉)',
 'kind': '谷类',
 'nutrition': {'核黄素(毫克)': '0.08',
               '烟酸(毫克)': '2',
               '热量(千卡)': '344',
               '硒(微克)': '5.36',
               '硫胺素(毫克)': '0.28',
               '碳水化合物(克)': '71.5',
               '磷(毫克)': '188',
               '维生素A(微克)': '0',
               '维生素C(毫克)': '0',
               '维生素E(毫克)': '1.8',
               '胆固醇(毫克)': '0',
               '胡罗卜素(微克)': '1',
               '脂肪(克)': '1.5',
               '膳食纤维(克)': '2.1',
               '蛋白质(克)': '11.2',
               '视黄醇当量(微克)': '12.7',
               '钙(毫克)': '31',
               '钠(毫克)': '3.1',
               '钾(毫克)': '190',
               '铁(毫克)': '3.5',
               '铜(毫克)': '0.42',
               '锌(毫克)': '1.64',
               '锰(毫克)': '1.56',
               '镁(毫克)': '50'}}
{'food_name': '小麦',
 'kind': '谷类',
 'nutrition': {'核黄素(毫克)': '0.1',
               '烟酸(毫克)': '4',
               '热量(千卡)': '317',
               '硒(微克)': '4.05',
               '硫胺素(毫克)': '0.4',
               '碳水化合物(克)': '64.4',
               '磷(毫克)': '325',
               '维生素A(微克)': '0',
               '维生素C(毫克)': '0',
               '维生素E(毫克)': '1.82',
               '胆固醇(毫克)': '0',
               '胡罗卜素(微克)': '1.6',
               '脂肪(克)': '1.3',
               '膳食纤维(克)': '10.8',
               '蛋白质(克)': '11.9',
               '视黄醇当量(微克)': '10',
               '钙(毫克)': '34',
               '钠(毫克)': '6.8',
               '钾(毫克)': '289',
               '铁(毫克)': '5.1',
               '铜(毫克)': '0.43',
               '锌(毫克)': '2.33',
               '锰(毫克)': '3.1',
               '镁(毫克)': '4'}}
{'food_name': '粉条',
 'kind': '薯类淀粉',
 'nutrition': {'核黄素(毫克)': '0',
               '烟酸(毫克)': '0.1',
               '热量(千卡)': '337',
               '硒(微克)': '2.18',
               '硫胺素(毫克)': '0.01',
               '碳水化合物(克)': '83.6',
               '磷(毫克)': '23',
               '维生素A(微克)': '0',
               '维生素C(毫克)': '0',
               '维生素E(毫克)': '0',
               '胆固醇(毫克)': '0',
               '胡罗卜素(微克)': '0.9',
               '脂肪(克)': '0.1',
               '膳食纤维(克)': '0.6',
               '蛋白质(克)': '0.5',
               '视黄醇当量(微克)': '14.3',
               '钙(毫克)': '35',
               '钠(毫克)': '9.6',
               '钾(毫克)': '18',
               '铁(毫克)': '5.2',
               '铜(毫克)': '0.18',
               '锌(毫克)': '0.83',
               '锰(毫克)': '0.16',
               '镁(毫克)': '11'}}
{'food_name': '豌豆粉丝',
 'kind': '薯类淀粉',
 'nutrition': {'核黄素(毫克)': '0',
               '烟酸(毫克)': '0',
               '热量(千卡)': '367',
               '硒(微克)': '0',
               '硫胺素(毫克)': '0.02',
               '碳水化合物(克)': '91.4',
               '磷(毫克)': '9',
               '维生素A(微克)': '0',
               '维生素C(毫克)': '0',
               '维生素E(毫克)': '0',
               '胆固醇(毫克)': '0',
               '胡罗卜素(微克)': '0.2',
               '脂肪(克)': '0',
               '膳食纤维(克)': '0.3',
               '蛋白质(克)': '0.4',
               '视黄醇当量(微克)': '7.7',
               '钙(毫克)': '10',
               '钠(毫克)': '5',
               '钾(毫克)': '6',
               '铁(毫克)': '3.5',
               '铜(毫克)': '0.05',
               '锌(毫克)': '0.32',
               '锰(毫克)': '0.09',
               '镁(毫克)': '4'}}
{'food_name': '粉丝',
 'kind': '薯类淀粉',
 'nutrition': {'核黄素(毫克)': '0.02',
               '烟酸(毫克)': '0.4',
               '热量(千卡)': '335',
               '硒(微克)': '3.39',
               '硫胺素(毫克)': '0.03',
               '碳水化合物(克)': '82.6',
               '磷(毫克)': '16',
               '维生素A(微克)': '0',
               '维生素C(毫克)': '0',
               '维生素E(毫克)': '0',
               '胆固醇(毫克)': '0',
               '胡罗卜素(微克)': '0.3',
               '脂肪(克)': '0.2',
               '膳食纤维(克)': '1.1',
               '蛋白质(克)': '0.8',
               '视黄醇当量(微克)': '15',
               '钙(毫克)': '31',
               '钠(毫克)': '9.3',
               '钾(毫克)': '18',
               '铁(毫克)': '6.4',
               '铜(毫克)': '0.05',
               '锌(毫克)': '0.27',
               '锰(毫克)': '0.15',
               '镁(毫克)': '11'}}
